time,lat,lon,elevation,accuracy,bearing,speed
2012-10-23T16:14:06Z,34.067718,-118.454905,133.199997,19.000000,0.000000,0.000000
2012-10-23T16:14:08Z,34.067721,-118.454903,133.000000,15.000000,0.000000,0.000000
2012-10-23T16:14:10Z,34.067724,-118.454901,132.899994,12.000000,0.000000,0.000000
2012-10-23T16:14:12Z,34.067726,-118.454904,132.899994,9.000000,57.900002,0.500000
2012-10-23T16:14:14Z,34.067706,-118.454966,133.699997,9.000000,57.900002,0.250000
2012-10-23T16:14:16Z,34.067731,-118.454934,127.000000,8.000000,0.000000,0.000000
2012-10-23T16:14:18Z,34.067773,-118.454926,117.500000,7.000000,0.000000,0.000000
2012-10-23T16:14:20Z,34.067784,-118.454925,115.500000,7.000000,0.000000,0.000000
2012-10-23T16:14:22Z,34.067794,-118.454924,112.900002,5.000000,0.000000,0.000000
2012-10-23T16:14:24Z,34.067806,-118.454917,110.099998,5.000000,0.000000,0.000000
2012-10-23T16:14:26Z,34.067809,-118.454915,110.099998,5.000000,0.000000,0.000000
2012-10-23T16:14:28Z,34.067809,-118.454909,109.900002,5.000000,0.000000,0.000000
2012-10-23T16:14:30Z,34.067809,-118.454909,109.900002,5.000000,0.000000,0.000000
2012-10-23T16:14:32Z,34.067809,-118.454909,110.000000,5.000000,0.000000,0.000000
2012-10-23T16:14:34Z,34.067809,-118.454909,110.000000,5.000000,0.000000,0.000000
2012-10-23T16:14:36Z,34.067809,-118.454909,110.000000,5.000000,0.000000,0.000000
2012-10-23T16:14:38Z,34.067809,-118.454909,110.000000,6.000000,0.000000,0.000000
2012-10-23T16:14:40Z,34.067809,-118.454909,110.000000,6.000000,0.000000,0.000000
2012-10-23T16:14:42Z,34.067809,-118.454909,110.000000,7.000000,0.000000,0.000000
2012-10-23T16:14:44Z,34.067809,-118.454909,110.000000,10.000000,0.000000,0.000000
2012-10-23T16:14:46Z,34.067809,-118.454909,110.000000,16.000000,0.000000,0.000000
2012-10-23T16:14:48Z,34.067809,-118.454909,110.000000,28.000000,0.000000,0.000000
2012-10-23T16:14:50Z,34.067809,-118.454909,110.000000,46.000000,0.000000,0.000000
2012-10-23T16:14:52Z,34.067809,-118.454909,110.000000,68.000000,0.000000,0.000000
2012-10-23T16:14:54Z,34.067809,-118.454909,110.000000,96.000000,0.000000,0.000000
2012-10-23T16:15:15Z,34.067809,-118.454909,109.900002,122.000000,0.000000,0.000000
2012-10-23T16:15:17Z,34.067809,-118.454909,109.900002,75.000000,0.000000,0.000000
2012-10-23T16:15:19Z,34.067809,-118.454909,109.900002,51.000000,0.000000,0.000000
2012-10-23T16:15:21Z,34.067809,-118.454909,109.900002,39.000000,0.000000,0.000000
2012-10-23T16:15:23Z,34.067809,-118.454908,109.900002,35.000000,0.000000,0.000000
2012-10-23T16:15:25Z,34.067809,-118.454908,109.900002,37.000000,0.000000,0.000000
2012-10-23T16:15:27Z,34.067809,-118.454908,109.900002,43.000000,0.000000,0.000000
2012-10-23T16:15:29Z,34.067809,-118.454908,109.900002,49.000000,0.000000,0.000000
2012-10-23T16:15:31Z,34.067809,-118.454908,109.900002,68.000000,0.000000,0.000000
2012-10-23T16:15:33Z,34.067809,-118.454908,109.900002,77.000000,0.000000,0.000000
2012-10-23T16:15:35Z,34.067809,-118.454908,109.900002,99.000000,0.000000,0.000000
2012-10-23T16:15:37Z,34.067809,-118.454908,109.900002,122.000000,0.000000,0.000000
2012-10-23T16:15:39Z,34.067809,-118.454908,109.900002,145.000000,0.000000,0.000000
2012-10-23T16:15:45Z,34.067809,-118.454908,109.900002,140.000000,0.000000,0.000000
2012-10-23T16:15:47Z,34.067809,-118.454908,109.800003,125.000000,0.000000,0.000000
2012-10-23T16:15:49Z,34.067809,-118.454908,109.800003,89.000000,0.000000,0.000000
2012-10-23T16:15:51Z,34.067809,-118.454908,109.800003,68.000000,0.000000,0.000000
2012-10-23T16:15:53Z,34.067809,-118.454908,109.800003,48.000000,0.000000,0.000000
2012-10-23T16:15:55Z,34.067809,-118.454907,109.800003,30.000000,0.000000,0.000000
2012-10-23T16:15:57Z,34.067809,-118.454906,109.800003,21.000000,0.000000,0.000000
2012-10-23T16:15:59Z,34.067803,-118.454906,109.699997,16.000000,183.199997,1.000000
2012-10-23T16:16:00Z,34.067771,-118.454907,109.099998,16.000000,184.600006,1.250000
2012-10-23T16:16:02Z,34.067695,-118.454900,109.599998,14.000000,183.199997,1.500000
2012-10-23T16:16:04Z,34.067616,-118.454910,108.400002,15.000000,176.100006,1.500000
2012-10-23T16:16:06Z,34.067566,-118.454886,109.400002,15.000000,177.399994,1.750000
2012-10-23T16:16:08Z,34.067528,-118.454878,108.900002,14.000000,180.399994,1.750000
2012-10-23T16:16:10Z,34.067492,-118.454869,108.500000,14.000000,182.000000,1.750000
2012-10-23T16:16:12Z,34.067456,-118.454839,108.300003,17.000000,177.899994,1.500000
2012-10-23T16:16:14Z,34.067432,-118.454816,108.400002,21.000000,175.199997,1.250000
2012-10-23T16:16:16Z,34.067410,-118.454804,108.400002,32.000000,178.199997,1.250000
2012-10-23T16:16:22Z,34.067354,-118.454788,108.000000,64.000000,178.000000,1.000000
2012-10-23T16:16:24Z,34.067343,-118.454789,108.699997,48.000000,181.699997,0.750000
2012-10-23T16:16:26Z,34.067294,-118.454803,112.000000,33.000000,189.399994,1.000000
2012-10-23T16:16:27Z,34.067267,-118.454814,112.900002,31.000000,190.699997,1.000000
2012-10-23T16:16:29Z,34.067226,-118.454824,112.800003,24.000000,178.100006,1.250000
2012-10-23T16:16:31Z,34.067193,-118.454827,112.599998,23.000000,170.800003,1.250000
2012-10-23T16:16:32Z,34.067179,-118.454827,112.500000,24.000000,171.800003,1.250000
2012-10-23T16:16:34Z,34.067160,-118.454825,111.199997,23.000000,171.500000,1.250000
2012-10-23T16:16:36Z,34.067107,-118.454816,110.699997,23.000000,169.699997,1.500000
2012-10-23T16:16:38Z,34.067063,-118.454791,110.400002,19.000000,171.000000,1.500000
2012-10-23T16:16:40Z,34.067020,-118.454790,112.300003,13.000000,175.500000,1.250000
2012-10-23T16:16:42Z,34.066988,-118.454791,113.400002,10.000000,177.399994,1.000000
2012-10-23T16:16:44Z,34.066965,-118.454786,113.500000,8.000000,175.500000,1.000000
2012-10-23T16:16:46Z,34.066934,-118.454777,112.800003,7.000000,172.600006,1.000000
2012-10-23T16:16:48Z,34.066897,-118.454763,112.699997,7.000000,172.899994,1.250000
2012-10-23T16:16:50Z,34.066854,-118.454754,111.900002,6.000000,178.699997,1.500000
2012-10-23T16:16:52Z,34.066816,-118.454751,110.900002,6.000000,182.899994,1.500000
2012-10-23T16:16:54Z,34.066783,-118.454745,110.199997,5.000000,181.100006,1.250000
2012-10-23T16:16:56Z,34.066750,-118.454741,110.800003,5.000000,179.300003,1.250000
2012-10-23T16:16:58Z,34.066716,-118.454737,110.800003,5.000000,177.300003,1.250000
2012-10-23T16:17:00Z,34.066683,-118.454712,107.099998,4.000000,172.199997,1.500000
2012-10-23T16:17:02Z,34.066650,-118.454685,104.699997,3.000000,163.800003,1.500000
2012-10-23T16:17:04Z,34.066621,-118.454665,105.199997,3.000000,163.100006,1.250000
2012-10-23T16:17:06Z,34.066598,-118.454656,105.599998,4.000000,170.399994,1.000000
2012-10-23T16:17:08Z,34.066574,-118.454649,104.199997,3.000000,174.300003,1.000000
2012-10-23T16:17:10Z,34.066545,-118.454645,104.300003,3.000000,174.100006,1.250000
2012-10-23T16:17:12Z,34.066514,-118.454641,103.900002,4.000000,170.600006,1.250000
2012-10-23T16:17:14Z,34.066488,-118.454636,102.900002,3.000000,165.800003,1.250000
2012-10-23T16:17:16Z,34.066466,-118.454629,102.900002,4.000000,157.000000,1.000000
2012-10-23T16:17:18Z,34.066451,-118.454625,101.199997,4.000000,157.399994,0.750000
2012-10-23T16:17:20Z,34.066440,-118.454623,99.000000,4.000000,157.399994,0.750000
2012-10-23T16:17:22Z,34.066424,-118.454627,99.000000,4.000000,174.399994,0.750000
2012-10-23T16:17:24Z,34.066404,-118.454626,100.000000,3.000000,169.699997,1.000000
2012-10-23T16:17:26Z,34.066382,-118.454619,99.699997,3.000000,159.899994,1.000000
2012-10-23T16:17:28Z,34.066359,-118.454616,99.599998,4.000000,164.000000,1.000000
2012-10-23T16:17:30Z,34.066339,-118.454616,99.400002,4.000000,170.000000,0.750000
2012-10-23T16:17:32Z,34.066321,-118.454615,99.199997,5.000000,169.300003,0.750000
2012-10-23T16:17:34Z,34.066301,-118.454612,98.599998,5.000000,169.899994,1.000000
2012-10-23T16:17:36Z,34.066278,-118.454612,98.400002,5.000000,176.600006,1.000000
2012-10-23T16:17:38Z,34.066252,-118.454607,98.400002,5.000000,171.899994,1.250000
2012-10-23T16:17:40Z,34.066220,-118.454605,98.699997,5.000000,168.899994,1.250000
2012-10-23T16:17:42Z,34.066197,-118.454604,98.300003,4.000000,172.699997,1.000000
2012-10-23T16:17:44Z,34.066175,-118.454610,98.000000,5.000000,173.000000,1.000000
2012-10-23T16:17:46Z,34.066147,-118.454606,96.400002,5.000000,167.000000,1.000000
2012-10-23T16:17:48Z,34.066119,-118.454592,96.500000,5.000000,154.500000,1.250000
2012-10-23T16:17:50Z,34.066090,-118.454575,96.699997,5.000000,151.100006,1.250000
2012-10-23T16:18:30Z,34.065773,-118.454386,95.900002,142.000000,155.300003,1.500000
2012-10-23T16:18:32Z,34.065792,-118.454445,93.599998,69.000000,164.699997,1.250000
2012-10-23T16:18:34Z,34.065777,-118.454438,93.699997,40.000000,163.199997,1.250000
2012-10-23T16:18:36Z,34.065755,-118.454385,89.400002,17.000000,159.699997,1.250000
2012-10-23T16:18:38Z,34.065732,-118.454362,86.300003,13.000000,159.399994,1.250000
2012-10-23T16:18:40Z,34.065703,-118.454329,86.000000,12.000000,157.800003,1.250000
2012-10-23T16:18:42Z,34.065676,-118.454299,84.599998,12.000000,154.500000,1.250000
2012-10-23T16:18:44Z,34.065644,-118.454278,88.300003,11.000000,154.800003,1.500000
2012-10-23T16:18:46Z,34.065594,-118.454290,94.900002,9.000000,158.399994,1.500000
2012-10-23T16:18:48Z,34.065552,-118.454291,92.900002,8.000000,156.899994,1.500000
2012-10-23T16:18:50Z,34.065511,-118.454288,97.699997,7.000000,148.699997,1.500000
2012-10-23T16:18:52Z,34.065473,-118.454279,98.099998,8.000000,143.699997,1.500000
2012-10-23T16:18:54Z,34.065447,-118.454271,98.699997,9.000000,142.300003,1.500000
2012-10-23T16:18:56Z,34.065426,-118.454265,98.500000,8.000000,144.300003,1.250000
2012-10-23T16:18:58Z,34.065407,-118.454259,97.599998,8.000000,151.600006,1.250000
2012-10-23T16:19:00Z,34.065391,-118.454248,97.699997,7.000000,147.899994,1.000000
2012-10-23T16:19:02Z,34.065382,-118.454244,96.099998,6.000000,146.300003,0.750000
2012-10-23T16:19:04Z,34.065364,-118.454242,96.900002,6.000000,146.300003,0.750000
2012-10-23T16:19:06Z,34.065343,-118.454243,95.599998,6.000000,164.100006,1.000000
2012-10-23T16:19:08Z,34.065309,-118.454241,97.199997,6.000000,160.199997,1.000000
2012-10-23T16:19:10Z,34.065280,-118.454246,97.199997,5.000000,160.899994,1.000000
2012-10-23T16:19:12Z,34.065253,-118.454254,98.500000,6.000000,161.199997,1.000000
2012-10-23T16:19:14Z,34.065227,-118.454256,98.300003,5.000000,154.899994,1.000000
2012-10-23T16:19:16Z,34.065205,-118.454242,97.199997,5.000000,146.500000,1.000000
2012-10-23T16:19:18Z,34.065184,-118.454223,95.599998,5.000000,140.100006,1.000000
2012-10-23T16:19:20Z,34.065154,-118.454202,93.199997,5.000000,149.199997,1.250000
2012-10-23T16:19:22Z,34.065125,-118.454183,91.800003,5.000000,156.000000,1.250000
2012-10-23T16:19:24Z,34.065106,-118.454168,92.199997,5.000000,151.899994,1.250000
2012-10-23T16:19:26Z,34.065080,-118.454149,90.500000,5.000000,152.199997,1.250000
2012-10-23T16:19:28Z,34.065051,-118.454116,91.099998,5.000000,146.500000,1.500000
2012-10-23T16:19:30Z,34.065033,-118.454082,92.000000,5.000000,136.899994,1.250000
2012-10-23T16:19:33Z,34.065012,-118.454041,92.400002,7.000000,130.199997,1.250000
2012-10-23T16:19:35Z,34.065003,-118.454024,92.599998,7.000000,128.600006,1.000000
2012-10-23T16:19:37Z,34.064998,-118.454011,92.599998,8.000000,123.199997,0.750000
2012-10-23T16:19:39Z,34.064995,-118.454000,92.900002,8.000000,123.199997,0.750000
2012-10-23T16:19:41Z,34.064991,-118.453991,92.900002,9.000000,123.199997,0.750000
2012-10-23T16:19:43Z,34.064986,-118.453980,92.900002,13.000000,123.199997,0.500000
2012-10-23T16:19:45Z,34.064982,-118.453968,92.900002,19.000000,123.199997,0.500000
2012-10-23T16:19:47Z,34.064978,-118.453955,92.900002,27.000000,123.199997,0.500000
2012-10-23T16:19:49Z,34.064974,-118.453943,92.900002,41.000000,123.199997,0.500000
2012-10-23T16:19:57Z,34.064939,-118.453887,92.699997,87.000000,123.199997,0.750000
2012-10-23T16:19:59Z,34.064889,-118.453841,92.500000,62.000000,141.600006,1.000000
2012-10-23T16:20:01Z,34.064850,-118.453807,92.599998,55.000000,144.199997,1.250000
2012-10-23T16:20:03Z,34.064815,-118.453782,92.599998,60.000000,146.600006,1.250000
2012-10-23T16:20:05Z,34.064787,-118.453760,92.599998,54.000000,147.000000,1.250000
2012-10-23T16:20:07Z,34.064763,-118.453740,92.599998,68.000000,145.300003,1.250000
2012-10-23T16:20:13Z,34.064703,-118.453672,92.400002,112.000000,138.000000,1.250000
2012-10-23T16:20:15Z,34.064675,-118.453670,92.300003,121.000000,140.199997,1.250000
2012-10-23T16:20:17Z,34.064654,-118.453655,92.599998,73.000000,147.199997,1.250000
2012-10-23T16:20:19Z,34.064625,-118.453623,92.500000,49.000000,143.699997,1.500000
2012-10-23T16:20:21Z,34.064589,-118.453591,92.400002,42.000000,142.399994,1.500000
2012-10-23T16:20:23Z,34.064552,-118.453567,92.699997,40.000000,142.800003,1.500000
2012-10-23T16:20:25Z,34.064524,-118.453544,92.699997,43.000000,142.300003,1.750000
2012-10-23T16:20:27Z,34.064489,-118.453515,92.699997,48.000000,141.199997,1.750000
2012-10-23T16:20:29Z,34.064455,-118.453481,92.599998,44.000000,139.399994,1.750000
2012-10-23T16:20:31Z,34.064436,-118.453450,92.300003,42.000000,136.600006,1.750000
2012-10-23T16:20:33Z,34.064420,-118.453410,92.000000,50.000000,133.300003,1.750000
2012-10-23T16:20:35Z,34.064410,-118.453381,91.900002,54.000000,131.800003,1.500000
2012-10-23T16:20:37Z,34.064404,-118.453368,92.099998,60.000000,134.399994,1.250000
2012-10-23T16:20:39Z,34.064398,-118.453356,92.099998,64.000000,136.199997,1.250000
2012-10-23T16:20:41Z,34.064389,-118.453343,92.199997,53.000000,134.800003,1.250000
2012-10-23T16:20:43Z,34.064378,-118.453327,92.199997,62.000000,134.000000,1.250000
2012-10-23T16:20:45Z,34.064362,-118.453309,92.199997,67.000000,135.000000,1.250000
2012-10-23T16:20:47Z,34.064339,-118.453283,92.099998,58.000000,135.500000,1.250000
2012-10-23T16:20:49Z,34.064318,-118.453257,92.099998,55.000000,134.699997,1.500000
2012-10-23T16:20:51Z,34.064288,-118.453237,92.000000,52.000000,137.300003,1.500000
2012-10-23T16:20:53Z,34.064259,-118.453213,92.099998,44.000000,138.699997,1.500000
2012-10-23T16:20:55Z,34.064233,-118.453187,92.099998,56.000000,137.000000,1.750000
2012-10-23T16:20:59Z,34.064187,-118.453153,91.900002,75.000000,137.800003,1.500000
2012-10-23T16:21:01Z,34.064169,-118.453174,92.000000,88.000000,143.000000,1.500000
2012-10-23T16:21:03Z,34.064156,-118.453172,92.099998,90.000000,146.000000,1.250000
2012-10-23T16:21:05Z,34.064150,-118.453154,91.800003,87.000000,140.100006,1.250000
2012-10-23T16:21:07Z,34.064144,-118.453123,88.300003,28.000000,139.399994,1.250000
2012-10-23T16:21:09Z,34.064128,-118.453119,88.199997,20.000000,152.100006,1.250000
2012-10-23T16:21:11Z,34.064114,-118.453124,87.800003,17.000000,164.699997,1.000000
2012-10-23T16:21:13Z,34.064102,-118.453130,87.500000,15.000000,167.899994,1.000000
2012-10-23T16:21:15Z,34.064100,-118.453139,87.400002,18.000000,179.000000,0.750000
2012-10-23T16:21:17Z,34.064111,-118.453152,86.900002,17.000000,179.000000,0.500000
2012-10-23T16:21:19Z,34.064143,-118.453162,85.400002,16.000000,179.000000,0.250000
2012-10-23T16:21:21Z,34.064174,-118.453172,85.000000,17.000000,179.000000,0.250000
2012-10-23T16:21:23Z,34.064200,-118.453165,85.699997,15.000000,179.000000,0.250000
2012-10-23T16:21:25Z,34.064202,-118.453153,85.699997,13.000000,179.000000,0.250000
2012-10-23T16:21:27Z,34.064193,-118.453119,84.300003,11.000000,179.000000,0.500000
2012-10-23T16:21:29Z,34.064182,-118.453100,84.199997,10.000000,179.000000,0.750000
2012-10-23T16:21:31Z,34.064190,-118.453109,81.400002,11.000000,0.000000,0.000000
2012-10-23T16:21:33Z,34.064205,-118.453114,81.199997,11.000000,0.000000,0.000000
2012-10-23T16:21:35Z,34.064205,-118.453119,80.400002,13.000000,0.000000,0.000000
2012-10-23T16:21:37Z,34.064193,-118.453145,79.500000,15.000000,0.000000,0.000000
2012-10-23T16:21:39Z,34.064186,-118.453149,79.699997,14.000000,0.000000,0.000000
2012-10-23T16:21:41Z,34.064184,-118.453154,79.699997,12.000000,0.000000,0.000000
2012-10-23T16:21:43Z,34.064182,-118.453157,79.699997,12.000000,0.000000,0.000000
2012-10-23T16:21:44Z,34.064182,-118.453153,79.800003,10.000000,0.000000,0.000000
2012-10-23T16:21:46Z,34.064201,-118.453125,80.800003,9.000000,0.000000,0.000000
2012-10-23T16:21:48Z,34.064196,-118.453135,82.000000,7.000000,0.000000,0.000000
2012-10-23T16:21:50Z,34.064153,-118.453191,84.500000,7.000000,0.000000,0.000000
2012-10-23T16:21:52Z,34.064136,-118.453215,85.699997,5.000000,0.000000,0.000000
2012-10-23T16:21:54Z,34.064118,-118.453228,84.199997,4.000000,0.000000,0.000000
2012-10-23T16:21:56Z,34.064092,-118.453227,83.500000,5.000000,0.000000,0.000000
2012-10-23T16:21:57Z,34.064080,-118.453227,83.300003,5.000000,0.000000,0.000000
2012-10-23T16:22:00Z,34.064059,-118.453232,82.900002,5.000000,0.000000,0.000000
2012-10-23T16:22:06Z,34.064053,-118.453232,83.300003,8.000000,0.000000,0.000000
2012-10-23T16:22:08Z,34.064053,-118.453226,82.199997,7.000000,0.000000,0.000000
2012-10-23T16:25:50Z,34.064047,-118.453197,81.099998,20.000000,0.000000,0.000000
2012-10-23T16:25:54Z,34.064046,-118.453192,81.099998,16.000000,0.000000,0.000000
2012-10-23T16:25:59Z,34.064052,-118.453181,81.400002,18.000000,0.000000,0.000000
2012-10-23T16:26:03Z,34.064055,-118.453178,81.400002,15.000000,0.000000,0.000000
2012-10-23T16:26:04Z,34.064058,-118.453176,81.400002,14.000000,0.000000,0.000000
2012-10-23T16:26:06Z,34.064063,-118.453167,82.199997,8.000000,0.000000,0.000000
2012-10-23T16:26:08Z,34.064066,-118.453168,83.400002,7.000000,0.000000,0.000000
2012-10-23T16:26:10Z,34.064070,-118.453170,83.300003,6.000000,0.000000,0.000000
2012-10-23T16:26:12Z,34.064070,-118.453170,83.400002,6.000000,0.000000,0.000000
2012-10-23T16:26:14Z,34.064069,-118.453171,83.599998,6.000000,0.000000,0.000000
2012-10-23T16:26:16Z,34.064070,-118.453172,83.699997,6.000000,0.000000,0.000000
2012-10-23T16:26:18Z,34.064071,-118.453173,83.699997,7.000000,0.000000,0.000000
2012-10-23T16:26:19Z,34.064071,-118.453173,83.699997,7.000000,0.000000,0.000000
2012-10-23T16:26:21Z,34.064071,-118.453173,83.599998,8.000000,0.000000,0.000000
2012-10-23T16:26:23Z,34.064072,-118.453173,83.699997,7.000000,0.000000,0.000000
2012-10-23T16:26:25Z,34.064072,-118.453173,83.699997,8.000000,0.000000,0.000000
2012-10-23T16:26:27Z,34.064072,-118.453174,83.699997,8.000000,0.000000,0.000000
2012-10-23T16:26:29Z,34.064071,-118.453174,83.699997,8.000000,0.000000,0.000000
2012-10-23T16:26:31Z,34.064071,-118.453174,83.699997,9.000000,0.000000,0.000000
2012-10-23T16:26:33Z,34.064071,-118.453174,83.599998,10.000000,0.000000,0.000000
2012-10-23T16:26:35Z,34.064071,-118.453174,83.599998,14.000000,0.000000,0.000000
2012-10-23T16:26:36Z,34.064071,-118.453174,83.599998,17.000000,0.000000,0.000000
2012-10-23T16:26:38Z,34.064072,-118.453174,83.599998,21.000000,0.000000,0.000000
2012-10-23T16:26:40Z,34.064072,-118.453174,83.699997,19.000000,0.000000,0.000000
2012-10-23T16:26:42Z,34.064072,-118.453174,83.699997,14.000000,0.000000,0.000000
2012-10-23T16:26:44Z,34.064072,-118.453174,83.699997,12.000000,0.000000,0.000000
2012-10-23T16:26:46Z,34.064072,-118.453174,83.699997,9.000000,0.000000,0.000000
2012-10-23T16:26:48Z,34.064071,-118.453174,83.699997,9.000000,0.000000,0.000000
2012-10-23T16:26:50Z,34.064070,-118.453174,83.699997,9.000000,0.000000,0.000000
2012-10-23T16:26:52Z,34.064069,-118.453175,83.699997,11.000000,0.000000,0.000000
2012-10-23T16:26:54Z,34.064068,-118.453175,83.699997,12.000000,0.000000,0.000000
2012-10-23T16:26:56Z,34.064068,-118.453175,83.699997,15.000000,0.000000,0.000000
2012-10-23T16:26:58Z,34.064068,-118.453175,83.699997,13.000000,0.000000,0.000000
2012-10-23T16:27:00Z,34.064067,-118.453175,83.699997,13.000000,0.000000,0.000000
2012-10-23T16:27:02Z,34.064067,-118.453175,83.699997,13.000000,0.000000,0.000000
2012-10-23T16:27:04Z,34.064067,-118.453175,83.699997,10.000000,0.000000,0.000000
2012-10-23T16:27:06Z,34.064047,-118.453162,84.300003,11.000000,150.800003,1.000000
2012-10-23T16:27:08Z,34.064024,-118.453144,84.300003,11.000000,150.000000,1.000000
2012-10-23T16:27:10Z,34.063987,-118.453103,85.699997,10.000000,142.899994,1.250000
2012-10-23T16:27:12Z,34.063953,-118.453052,85.099998,9.000000,136.899994,1.500000
2012-10-23T16:27:14Z,34.063908,-118.453004,85.300003,7.000000,139.000000,1.500000
2012-10-23T16:27:16Z,34.063867,-118.452971,85.800003,6.000000,143.000000,1.250000
2012-10-23T16:27:17Z,34.063850,-118.452956,86.099998,6.000000,142.000000,1.250000
2012-10-23T16:27:19Z,34.063813,-118.452923,86.800003,5.000000,132.199997,1.500000
2012-10-23T16:27:21Z,34.063765,-118.452894,88.099998,5.000000,131.300003,1.750000
2012-10-23T16:27:23Z,34.063733,-118.452872,88.099998,5.000000,138.800003,1.500000
2012-10-23T16:27:25Z,34.063705,-118.452860,85.699997,6.000000,146.300003,1.250000
2012-10-23T16:27:27Z,34.063679,-118.452852,87.000000,5.000000,149.000000,1.000000
2012-10-23T16:27:29Z,34.063654,-118.452840,85.400002,5.000000,152.000000,1.000000
2012-10-23T16:27:31Z,34.063628,-118.452828,85.900002,4.000000,153.500000,1.250000
2012-10-23T16:27:33Z,34.063614,-118.452809,86.099998,4.000000,148.800003,1.000000
2012-10-23T16:27:35Z,34.063605,-118.452790,86.500000,4.000000,141.899994,0.750000
2012-10-23T16:27:37Z,34.063597,-118.452773,87.400002,4.000000,141.899994,0.500000
2012-10-23T16:27:39Z,34.063598,-118.452756,87.699997,4.000000,0.000000,0.000000
2012-10-23T16:27:41Z,34.063598,-118.452754,88.300003,4.000000,0.000000,0.000000
2012-10-23T16:27:43Z,34.063595,-118.452753,88.300003,4.000000,0.000000,0.000000
2012-10-23T16:27:44Z,34.063593,-118.452752,88.000000,4.000000,0.000000,0.000000
2012-10-23T16:27:46Z,34.063591,-118.452749,87.800003,4.000000,0.000000,0.000000
2012-10-23T16:27:47Z,34.063589,-118.452748,87.800003,4.000000,0.000000,0.000000
2012-10-23T16:27:50Z,34.063587,-118.452746,87.800003,4.000000,0.000000,0.000000
2012-10-23T16:27:52Z,34.063587,-118.452746,87.900002,5.000000,0.000000,0.000000
2012-10-23T16:27:53Z,34.063587,-118.452745,87.900002,6.000000,0.000000,0.000000
2012-10-23T16:27:55Z,34.063586,-118.452745,87.900002,7.000000,0.000000,0.000000
2012-10-23T16:27:57Z,34.063586,-118.452745,87.900002,8.000000,0.000000,0.000000
2012-10-23T16:27:59Z,34.063586,-118.452745,88.000000,8.000000,0.000000,0.000000
2012-10-23T16:28:01Z,34.063586,-118.452745,88.000000,6.000000,0.000000,0.000000
2012-10-23T16:28:04Z,34.063586,-118.452745,88.000000,6.000000,0.000000,0.000000
2012-10-23T16:28:06Z,34.063586,-118.452745,88.000000,6.000000,0.000000,0.000000
2012-10-23T16:28:08Z,34.063559,-118.452722,88.500000,5.000000,150.600006,1.500000
2012-10-23T16:28:10Z,34.063529,-118.452694,87.900002,4.000000,152.000000,1.500000
2012-10-23T16:28:12Z,34.063485,-118.452667,88.800003,4.000000,157.000000,1.500000
2012-10-23T16:28:14Z,34.063442,-118.452643,88.199997,4.000000,162.399994,1.500000
2012-10-23T16:28:16Z,34.063406,-118.452628,87.300003,4.000000,162.500000,1.500000
2012-10-23T16:28:18Z,34.063379,-118.452623,88.699997,4.000000,160.399994,1.250000
2012-10-23T16:28:20Z,34.063352,-118.452610,88.300003,5.000000,153.399994,1.500000
2012-10-23T16:28:22Z,34.063329,-118.452591,88.500000,5.000000,146.000000,1.500000
2012-10-23T16:28:24Z,34.063309,-118.452576,89.000000,4.000000,144.899994,1.500000
2012-10-23T16:28:25Z,34.063289,-118.452564,91.199997,4.000000,144.899994,1.250000
2012-10-23T16:28:27Z,34.063268,-118.452551,91.599998,4.000000,146.300003,1.250000
2012-10-23T16:28:30Z,34.063242,-118.452536,91.599998,5.000000,148.399994,1.250000
2012-10-23T16:28:32Z,34.063223,-118.452515,91.599998,5.000000,141.500000,1.250000
2012-10-23T16:28:34Z,34.063219,-118.452499,91.300003,4.000000,0.000000,0.000000
2012-10-23T16:28:35Z,34.063212,-118.452492,91.099998,5.000000,0.000000,0.000000
2012-10-23T16:28:38Z,34.063209,-118.452483,90.800003,4.000000,0.000000,0.000000
2012-10-23T16:28:40Z,34.063202,-118.452479,91.000000,4.000000,0.000000,0.000000
2012-10-23T16:28:43Z,34.063197,-118.452477,91.099998,4.000000,0.000000,0.000000
2012-10-23T16:28:45Z,34.063173,-118.452455,92.000000,5.000000,143.000000,1.500000
2012-10-23T16:28:47Z,34.063149,-118.452433,92.000000,5.000000,141.699997,1.750000
2012-10-23T16:28:49Z,34.063119,-118.452397,90.400002,5.000000,141.699997,1.750000
2012-10-23T16:28:51Z,34.063081,-118.452372,91.599998,5.000000,142.399994,1.750000
2012-10-23T16:28:53Z,34.063051,-118.452351,92.099998,5.000000,142.800003,1.500000
2012-10-23T16:28:55Z,34.063030,-118.452333,94.199997,5.000000,132.000000,1.000000
2012-10-23T16:28:57Z,34.063016,-118.452317,94.300003,5.000000,124.900002,0.750000
2012-10-23T16:28:59Z,34.063008,-118.452323,93.599998,5.000000,0.000000,0.000000
2012-10-23T16:29:01Z,34.063010,-118.452316,92.599998,4.000000,0.000000,0.000000
2012-10-23T16:29:03Z,34.063009,-118.452313,92.699997,4.000000,0.000000,0.000000
2012-10-23T16:29:05Z,34.063006,-118.452309,92.599998,4.000000,0.000000,0.000000
2012-10-23T16:29:07Z,34.063000,-118.452299,91.699997,3.000000,0.000000,0.000000
2012-10-23T16:29:09Z,34.062996,-118.452292,91.599998,3.000000,0.000000,0.000000
2012-10-23T16:29:11Z,34.062974,-118.452288,91.599998,3.000000,198.000000,1.000000
2012-10-23T16:29:13Z,34.062952,-118.452277,90.300003,4.000000,171.800003,1.000000
2012-10-23T16:29:15Z,34.062922,-118.452259,92.400002,3.000000,165.699997,1.250000
2012-10-23T16:29:17Z,34.062896,-118.452226,92.199997,4.000000,0.000000,0.000000
2012-10-23T16:29:19Z,34.062876,-118.452211,93.400002,3.000000,0.000000,0.000000
2012-10-23T16:29:21Z,34.062860,-118.452194,94.000000,3.000000,142.699997,1.500000
2012-10-23T16:29:23Z,34.062842,-118.452180,93.699997,4.000000,149.000000,1.000000
2012-10-23T16:29:25Z,34.062822,-118.452164,93.900002,4.000000,148.199997,1.250000
2012-10-23T16:29:27Z,34.062808,-118.452142,93.900002,4.000000,136.899994,1.000000
2012-10-23T16:29:29Z,34.062795,-118.452118,93.500000,4.000000,128.899994,1.250000
2012-10-23T16:29:31Z,34.062779,-118.452093,92.800003,4.000000,129.199997,1.250000
2012-10-23T16:29:33Z,34.062761,-118.452066,93.099998,4.000000,129.100006,1.500000
2012-10-23T16:29:35Z,34.062744,-118.452035,93.000000,5.000000,127.400002,1.500000
2012-10-23T16:29:37Z,34.062728,-118.452002,92.800003,6.000000,124.400002,1.500000
2012-10-23T16:29:39Z,34.062711,-118.451965,92.699997,7.000000,122.800003,1.500000
2012-10-23T16:29:41Z,34.062692,-118.451930,92.800003,8.000000,125.000000,1.500000
2012-10-23T16:29:43Z,34.062673,-118.451908,92.599998,8.000000,128.600006,1.500000
2012-10-23T16:29:45Z,34.062657,-118.451901,91.900002,8.000000,132.000000,1.250000
2012-10-23T16:29:47Z,34.062655,-118.451911,92.400002,7.000000,0.000000,0.000000
2012-10-23T16:29:49Z,34.062654,-118.451911,92.099998,6.000000,0.000000,0.000000
2012-10-23T16:29:51Z,34.062647,-118.451911,91.800003,6.000000,0.000000,0.000000
2012-10-23T16:29:53Z,34.062633,-118.451913,92.599998,6.000000,0.000000,0.000000
2012-10-23T16:29:55Z,34.062615,-118.451916,93.099998,5.000000,0.000000,0.000000
2012-10-23T16:29:57Z,34.062603,-118.451921,93.500000,6.000000,0.000000,0.000000
2012-10-23T16:29:59Z,34.062587,-118.451912,93.400002,6.000000,144.800003,1.500000
2012-10-23T16:30:01Z,34.062560,-118.451888,93.800003,7.000000,144.300003,1.000000
2012-10-23T16:30:03Z,34.062525,-118.451840,94.000000,7.000000,137.699997,1.500000
2012-10-23T16:30:05Z,34.062491,-118.451790,93.400002,7.000000,132.899994,1.750000
2012-10-23T16:30:07Z,34.062455,-118.451743,93.500000,6.000000,136.000000,1.750000
2012-10-23T16:30:09Z,34.062409,-118.451716,94.300003,6.000000,140.300003,1.500000
2012-10-23T16:30:11Z,34.062365,-118.451693,95.599998,6.000000,141.100006,1.500000
2012-10-23T16:30:13Z,34.062329,-118.451660,95.199997,6.000000,135.600006,1.500000
2012-10-23T16:30:15Z,34.062300,-118.451630,95.000000,6.000000,131.600006,1.500000
2012-10-23T16:30:17Z,34.062266,-118.451597,94.199997,6.000000,137.899994,1.500000
2012-10-23T16:30:19Z,34.062234,-118.451560,92.400002,6.000000,144.800003,1.500000
2012-10-23T16:30:21Z,34.062205,-118.451522,90.300003,5.000000,144.899994,1.500000
2012-10-23T16:30:23Z,34.062178,-118.451486,90.400002,5.000000,144.100006,1.500000
2012-10-23T16:30:25Z,34.062150,-118.451452,89.900002,4.000000,142.199997,1.500000
2012-10-23T16:30:27Z,34.062124,-118.451424,89.699997,4.000000,136.500000,1.250000
2012-10-23T16:30:29Z,34.062113,-118.451406,89.900002,3.000000,131.500000,0.750000
2012-10-23T16:30:31Z,34.062113,-118.451404,89.699997,3.000000,131.500000,0.500000
2012-10-23T16:30:33Z,34.062119,-118.451414,88.300003,4.000000,0.000000,0.000000
2012-10-23T16:30:35Z,34.062123,-118.451421,88.300003,3.000000,0.000000,0.000000
2012-10-23T16:30:37Z,34.062124,-118.451421,88.400002,4.000000,0.000000,0.000000
2012-10-23T16:30:39Z,34.062110,-118.451407,88.199997,4.000000,141.100006,1.000000
2012-10-23T16:30:41Z,34.062097,-118.451392,88.400002,4.000000,141.899994,1.250000
2012-10-23T16:30:43Z,34.062079,-118.451374,88.599998,4.000000,142.600006,1.250000
2012-10-23T16:30:45Z,34.062060,-118.451349,88.900002,4.000000,137.399994,1.250000
2012-10-23T16:30:47Z,34.062045,-118.451322,88.900002,4.000000,130.000000,1.250000
2012-10-23T16:30:49Z,34.062031,-118.451296,88.599998,4.000000,127.000000,1.250000
2012-10-23T16:30:51Z,34.062012,-118.451277,88.000000,4.000000,134.000000,1.250000
2012-10-23T16:30:53Z,34.061991,-118.451260,88.099998,4.000000,139.199997,1.250000
2012-10-23T16:31:29Z,34.061557,-118.451007,86.300003,47.000000,155.399994,1.500000
2012-10-23T16:31:31Z,34.061529,-118.450992,85.699997,22.000000,157.699997,1.250000
2012-10-23T16:31:33Z,34.061504,-118.450973,79.599998,15.000000,147.699997,1.000000
2012-10-23T16:31:35Z,34.061498,-118.450948,75.900002,11.000000,138.000000,1.000000
2012-10-23T16:31:37Z,34.061500,-118.450912,77.199997,10.000000,137.300003,1.000000
2012-10-23T16:31:39Z,34.061503,-118.450850,74.599998,7.000000,136.000000,1.250000
2012-10-23T16:31:41Z,34.061492,-118.450793,72.300003,6.000000,136.899994,1.500000
2012-10-23T16:31:43Z,34.061460,-118.450747,72.800003,5.000000,139.100006,1.500000
2012-10-23T16:31:44Z,34.061444,-118.450731,71.400002,5.000000,140.899994,1.500000
2012-10-23T16:31:46Z,34.061413,-118.450706,76.000000,5.000000,140.800003,1.250000
2012-10-23T16:31:47Z,34.061398,-118.450691,77.199997,4.000000,138.800003,1.500000
2012-10-23T16:31:49Z,34.061365,-118.450668,81.300003,4.000000,137.600006,1.500000
2012-10-23T16:31:51Z,34.061337,-118.450654,83.400002,4.000000,146.399994,1.250000
2012-10-23T16:31:53Z,34.061311,-118.450638,85.199997,4.000000,147.500000,1.250000
2012-10-23T16:31:55Z,34.061289,-118.450619,85.500000,4.000000,144.100006,1.000000
2012-10-23T16:31:57Z,34.061271,-118.450597,86.199997,4.000000,139.899994,1.000000
2012-10-23T16:31:59Z,34.061255,-118.450579,87.000000,5.000000,136.399994,1.250000
2012-10-23T16:32:01Z,34.061242,-118.450561,87.000000,5.000000,134.800003,1.000000
2012-10-23T16:32:03Z,34.061237,-118.450550,87.699997,4.000000,132.800003,0.750000
2012-10-23T16:32:05Z,34.061251,-118.450549,83.000000,4.000000,0.000000,0.000000
2012-10-23T16:32:07Z,34.061259,-118.450550,82.500000,4.000000,0.000000,0.000000
2012-10-23T16:32:09Z,34.061262,-118.450549,82.699997,4.000000,0.000000,0.000000
2012-10-23T16:32:11Z,34.061262,-118.450548,82.199997,4.000000,0.000000,0.000000
2012-10-23T16:32:13Z,34.061263,-118.450547,82.400002,4.000000,0.000000,0.000000
2012-10-23T16:32:15Z,34.061263,-118.450549,82.199997,5.000000,0.000000,0.000000
2012-10-23T16:32:17Z,34.061263,-118.450550,82.300003,5.000000,0.000000,0.000000
2012-10-23T16:32:19Z,34.061262,-118.450550,82.599998,5.000000,0.000000,0.000000
2012-10-23T16:32:21Z,34.061262,-118.450550,82.400002,5.000000,0.000000,0.000000
2012-10-23T16:32:23Z,34.061259,-118.450553,83.000000,5.000000,0.000000,0.000000
2012-10-23T16:32:25Z,34.061259,-118.450550,82.300003,5.000000,0.000000,0.000000
2012-10-23T16:32:27Z,34.061249,-118.450540,82.400002,5.000000,144.600006,1.250000
2012-10-23T16:32:29Z,34.061218,-118.450526,81.800003,6.000000,150.699997,1.000000
2012-10-23T16:32:31Z,34.061184,-118.450501,81.900002,6.000000,151.100006,1.500000
2012-10-23T16:32:33Z,34.061152,-118.450466,82.599998,7.000000,145.000000,1.750000
2012-10-23T16:32:35Z,34.061123,-118.450425,82.500000,8.000000,140.800003,1.750000
2012-10-23T16:32:37Z,34.061094,-118.450392,83.400002,7.000000,139.600006,1.750000
2012-10-23T16:32:39Z,34.061063,-118.450365,83.400002,7.000000,140.699997,1.500000
2012-10-23T16:32:41Z,34.061037,-118.450337,83.599998,7.000000,141.500000,1.500000
2012-10-23T16:32:43Z,34.061005,-118.450307,83.099998,7.000000,142.899994,1.750000
2012-10-23T16:32:45Z,34.060974,-118.450280,82.400002,7.000000,146.100006,1.750000
2012-10-23T16:32:47Z,34.060948,-118.450260,81.099998,7.000000,150.100006,1.500000
2012-10-23T16:32:49Z,34.060916,-118.450247,80.800003,8.000000,155.100006,1.500000
2012-10-23T16:32:51Z,34.060882,-118.450232,80.900002,9.000000,155.100006,1.500000
2012-10-23T16:32:53Z,34.060860,-118.450211,80.400002,7.000000,149.500000,1.250000
2012-10-23T16:32:55Z,34.060845,-118.450194,80.099998,5.000000,144.000000,1.250000
2012-10-23T16:32:57Z,34.060837,-118.450180,80.699997,5.000000,144.500000,1.000000
2012-10-23T16:32:59Z,34.060828,-118.450174,77.900002,4.000000,144.000000,0.750000
2012-10-23T16:33:01Z,34.060821,-118.450168,76.500000,4.000000,144.000000,0.500000
2012-10-23T16:33:03Z,34.060815,-118.450167,75.199997,4.000000,144.000000,0.250000
2012-10-23T16:33:05Z,34.060828,-118.450170,75.199997,4.000000,0.000000,0.000000
2012-10-23T16:33:07Z,34.060829,-118.450163,74.800003,4.000000,0.000000,0.000000
2012-10-23T16:33:09Z,34.060827,-118.450156,74.400002,4.000000,0.000000,0.000000
2012-10-23T16:33:11Z,34.060829,-118.450156,74.099998,4.000000,0.000000,0.000000
2012-10-23T16:33:13Z,34.060831,-118.450152,73.599998,4.000000,0.000000,0.000000
2012-10-23T16:33:15Z,34.060832,-118.450149,73.900002,4.000000,0.000000,0.000000
2012-10-23T16:33:17Z,34.060832,-118.450147,74.099998,4.000000,0.000000,0.000000
2012-10-23T16:33:19Z,34.060832,-118.450146,74.400002,4.000000,0.000000,0.000000
2012-10-23T16:33:21Z,34.060831,-118.450145,74.699997,5.000000,0.000000,0.000000
2012-10-23T16:33:23Z,34.060832,-118.450146,73.800003,4.000000,0.000000,0.000000
2012-10-23T16:33:25Z,34.060832,-118.450146,74.099998,4.000000,0.000000,0.000000
2012-10-23T16:33:27Z,34.060830,-118.450144,75.099998,4.000000,0.000000,0.000000
2012-10-23T16:33:29Z,34.060818,-118.450134,75.000000,4.000000,143.300003,1.500000
2012-10-23T16:33:31Z,34.060789,-118.450121,75.400002,5.000000,146.100006,1.250000
2012-10-23T16:33:33Z,34.060750,-118.450096,76.699997,5.000000,145.399994,1.500000
2012-10-23T16:33:35Z,34.060708,-118.450066,78.900002,5.000000,143.399994,1.750000
2012-10-23T16:33:37Z,34.060671,-118.450039,79.400002,6.000000,144.800003,1.750000
2012-10-23T16:33:39Z,34.060640,-118.450017,79.400002,6.000000,146.199997,1.500000
2012-10-23T16:33:41Z,34.060615,-118.449996,79.199997,6.000000,146.199997,1.500000
2012-10-23T16:33:43Z,34.060586,-118.449982,79.099998,7.000000,149.000000,1.500000
2012-10-23T16:33:45Z,34.060551,-118.449976,79.500000,7.000000,154.100006,1.500000
2012-10-23T16:33:47Z,34.060520,-118.449966,78.400002,9.000000,158.300003,1.500000
2012-10-23T16:33:49Z,34.060492,-118.449953,79.199997,9.000000,158.100006,1.500000
2012-10-23T16:33:51Z,34.060468,-118.449937,79.500000,10.000000,155.000000,1.500000
2012-10-23T16:33:53Z,34.060446,-118.449916,80.400002,11.000000,153.000000,1.500000
2012-10-23T16:33:55Z,34.060427,-118.449895,80.400002,10.000000,149.500000,1.500000
2012-10-23T16:33:57Z,34.060410,-118.449870,80.300003,11.000000,145.300003,1.250000
2012-10-23T16:33:59Z,34.060389,-118.449839,80.199997,10.000000,143.800003,1.500000
2012-10-23T16:34:01Z,34.060371,-118.449821,82.400002,6.000000,145.100006,1.250000
2012-10-23T16:34:03Z,34.060362,-118.449817,81.900002,6.000000,145.300003,0.750000
2012-10-23T16:34:05Z,34.060359,-118.449811,81.300003,6.000000,145.300003,0.500000
2012-10-23T16:34:07Z,34.060356,-118.449799,80.099998,6.000000,145.300003,0.500000
2012-10-23T16:34:09Z,34.060348,-118.449790,81.099998,7.000000,145.300003,0.500000
2012-10-23T16:34:11Z,34.060344,-118.449781,80.199997,7.000000,145.300003,0.250000
2012-10-23T16:34:13Z,34.060338,-118.449773,80.300003,8.000000,145.300003,0.250000
2012-10-23T16:34:15Z,34.060326,-118.449768,80.800003,8.000000,145.300003,0.500000
2012-10-23T16:34:17Z,34.060310,-118.449753,80.199997,6.000000,0.000000,0.000000
2012-10-23T16:34:19Z,34.060311,-118.449753,80.199997,4.000000,0.000000,0.000000
2012-10-23T16:34:21Z,34.060311,-118.449757,79.699997,4.000000,0.000000,0.000000
2012-10-23T16:34:23Z,34.060310,-118.449761,80.099998,4.000000,0.000000,0.000000
2012-10-23T16:34:25Z,34.060312,-118.449763,78.900002,4.000000,0.000000,0.000000
2012-10-23T16:34:27Z,34.060311,-118.449761,78.199997,4.000000,0.000000,0.000000
2012-10-23T16:34:29Z,34.060313,-118.449761,78.199997,3.000000,0.000000,0.000000
2012-10-23T16:34:31Z,34.060313,-118.449761,78.199997,3.000000,0.000000,0.000000
2012-10-23T16:34:33Z,34.060313,-118.449761,78.199997,4.000000,0.000000,0.000000
2012-10-23T16:34:35Z,34.060314,-118.449762,78.199997,3.000000,0.000000,0.000000
2012-10-23T16:34:37Z,34.060315,-118.449762,78.199997,4.000000,0.000000,0.000000
2012-10-23T16:34:39Z,34.060316,-118.449762,78.199997,4.000000,0.000000,0.000000
2012-10-23T16:34:41Z,34.060316,-118.449762,78.199997,3.000000,0.000000,0.000000
2012-10-23T16:34:43Z,34.060316,-118.449762,78.199997,4.000000,0.000000,0.000000
2012-10-23T16:34:45Z,34.060316,-118.449762,78.199997,4.000000,0.000000,0.000000
2012-10-23T16:34:47Z,34.060316,-118.449762,78.199997,4.000000,0.000000,0.000000
2012-10-23T16:34:49Z,34.060317,-118.449761,78.199997,4.000000,0.000000,0.000000
2012-10-23T16:34:51Z,34.060308,-118.449747,78.300003,4.000000,132.899994,0.750000
2012-10-23T16:34:53Z,34.060296,-118.449732,77.699997,3.000000,138.600006,1.000000
2012-10-23T16:34:55Z,34.060277,-118.449713,78.400002,4.000000,144.199997,1.250000
2012-10-23T16:34:57Z,34.060260,-118.449695,78.800003,3.000000,145.300003,1.500000
2012-10-23T16:34:59Z,34.060240,-118.449678,79.300003,3.000000,148.100006,1.500000
2012-10-23T16:35:01Z,34.060221,-118.449664,78.800003,4.000000,150.100006,1.500000
2012-10-23T16:35:03Z,34.060203,-118.449648,79.500000,4.000000,146.600006,1.250000
2012-10-23T16:35:05Z,34.060188,-118.449632,80.699997,4.000000,144.199997,1.250000
2012-10-23T16:35:07Z,34.060174,-118.449621,80.099998,4.000000,149.300003,1.250000
2012-10-23T16:35:09Z,34.060162,-118.449609,79.699997,4.000000,152.100006,1.000000
2012-10-23T16:35:11Z,34.060148,-118.449597,80.000000,4.000000,151.399994,1.000000
2012-10-23T16:35:13Z,34.060128,-118.449579,79.199997,3.000000,149.600006,1.250000
2012-10-23T16:35:15Z,34.060107,-118.449558,78.900002,3.000000,146.699997,1.250000
2012-10-23T16:35:17Z,34.060089,-118.449541,80.599998,4.000000,143.899994,1.250000
2012-10-23T16:35:19Z,34.060071,-118.449523,81.699997,4.000000,143.300003,1.250000
2012-10-23T16:35:20Z,34.060060,-118.449514,81.800003,4.000000,144.399994,1.250000
2012-10-23T16:35:22Z,34.060037,-118.449497,82.199997,3.000000,146.699997,1.250000
2012-10-23T16:35:24Z,34.060013,-118.449482,82.699997,4.000000,149.800003,1.250000
2012-10-23T16:35:26Z,34.059993,-118.449467,82.599998,3.000000,150.300003,1.250000
2012-10-23T16:35:28Z,34.059972,-118.449452,82.599998,4.000000,151.000000,1.250000
2012-10-23T16:35:30Z,34.059952,-118.449435,81.300003,3.000000,148.899994,1.250000
2012-10-23T16:35:32Z,34.059937,-118.449418,80.199997,4.000000,144.199997,1.250000
2012-10-23T16:35:34Z,34.059921,-118.449401,80.300003,3.000000,143.100006,1.250000
2012-10-23T16:35:36Z,34.059900,-118.449381,79.199997,4.000000,143.800003,1.500000
2012-10-23T16:35:38Z,34.059878,-118.449363,79.199997,3.000000,147.899994,1.500000
2012-10-23T16:35:40Z,34.059855,-118.449348,79.199997,3.000000,150.800003,1.250000
2012-10-23T16:35:42Z,34.059833,-118.449331,79.900002,3.000000,147.699997,1.250000
2012-10-23T16:35:44Z,34.059816,-118.449312,79.699997,4.000000,140.600006,1.250000
2012-10-23T16:35:46Z,34.059801,-118.449290,79.400002,3.000000,135.100006,1.250000
2012-10-23T16:35:48Z,34.059781,-118.449272,80.900002,3.000000,142.300003,1.250000
2012-10-23T16:35:50Z,34.059758,-118.449259,80.199997,3.000000,151.500000,1.250000
2012-10-23T16:35:52Z,34.059734,-118.449242,78.099998,4.000000,149.000000,1.250000
2012-10-23T16:35:54Z,34.059708,-118.449221,77.300003,3.000000,149.800003,1.250000
2012-10-23T16:35:59Z,34.059632,-118.449198,75.699997,4.000000,169.699997,1.500000
2012-10-23T16:36:00Z,34.059620,-118.449195,75.900002,4.000000,169.699997,1.500000
2012-10-23T16:36:02Z,34.059596,-118.449186,75.000000,4.000000,167.600006,1.250000
2012-10-23T16:36:04Z,34.059579,-118.449161,73.400002,3.000000,159.800003,1.250000
2012-10-23T16:36:06Z,34.059560,-118.449130,72.099998,4.000000,153.000000,1.250000
2012-10-23T16:36:08Z,34.059543,-118.449104,71.599998,4.000000,152.300003,1.250000
2012-10-23T16:36:10Z,34.059522,-118.449080,70.800003,4.000000,152.000000,1.250000
2012-10-23T16:36:12Z,34.059504,-118.449060,68.900002,4.000000,152.300003,1.250000
2012-10-23T16:36:14Z,34.059510,-118.449054,69.900002,3.000000,0.000000,0.000000
2012-10-23T16:36:16Z,34.059517,-118.449052,69.699997,4.000000,0.000000,0.000000
2012-10-23T16:36:18Z,34.059518,-118.449050,69.599998,4.000000,0.000000,0.000000
2012-10-23T16:36:20Z,34.059516,-118.449048,69.900002,3.000000,0.000000,0.000000
2012-10-23T16:36:22Z,34.059516,-118.449046,69.599998,4.000000,0.000000,0.000000
2012-10-23T16:36:24Z,34.059514,-118.449044,69.400002,4.000000,0.000000,0.000000
2012-10-23T16:36:26Z,34.059503,-118.449036,69.400002,3.000000,147.100006,1.250000
2012-10-23T16:36:28Z,34.059482,-118.449022,68.699997,4.000000,148.100006,1.000000
2012-10-23T16:36:30Z,34.059456,-118.449002,68.199997,4.000000,150.100006,1.250000
2012-10-23T16:36:32Z,34.059432,-118.448984,68.400002,3.000000,148.600006,1.250000
2012-10-23T16:36:34Z,34.059409,-118.448963,67.699997,4.000000,142.399994,1.250000
2012-10-23T16:36:36Z,34.059389,-118.448938,66.699997,3.000000,139.600006,1.500000
2012-10-23T16:36:38Z,34.059369,-118.448914,65.699997,3.000000,140.399994,1.250000
2012-10-23T16:36:40Z,34.059351,-118.448892,65.400002,3.000000,140.100006,1.250000
2012-10-23T16:36:42Z,34.059334,-118.448871,65.599998,4.000000,139.500000,1.250000
2012-10-23T16:36:44Z,34.059314,-118.448848,66.800003,4.000000,139.199997,1.250000
2012-10-23T16:36:46Z,34.059291,-118.448823,66.199997,3.000000,138.899994,1.500000
2012-10-23T16:36:48Z,34.059269,-118.448801,65.599998,4.000000,142.399994,1.500000
2012-10-23T16:36:50Z,34.059245,-118.448780,65.900002,4.000000,144.899994,1.500000
2012-10-23T16:36:52Z,34.059223,-118.448759,65.099998,3.000000,142.600006,1.500000
2012-10-23T16:36:54Z,34.059203,-118.448741,64.099998,4.000000,144.100006,1.250000
2012-10-23T16:36:56Z,34.059190,-118.448729,64.300003,3.000000,142.699997,1.000000
2012-10-23T16:36:58Z,34.059191,-118.448732,63.500000,3.000000,0.000000,0.000000
2012-10-23T16:37:00Z,34.059194,-118.448736,63.799999,4.000000,0.000000,0.000000
2012-10-23T16:37:02Z,34.059195,-118.448737,63.900002,3.000000,0.000000,0.000000
2012-10-23T16:37:04Z,34.059193,-118.448737,63.799999,3.000000,0.000000,0.000000
2012-10-23T16:37:06Z,34.059193,-118.448737,63.500000,3.000000,0.000000,0.000000
2012-10-23T16:37:08Z,34.059191,-118.448735,63.400002,4.000000,0.000000,0.000000
2012-10-23T16:37:10Z,34.059191,-118.448733,63.299999,3.000000,0.000000,0.000000
2012-10-23T16:37:12Z,34.059191,-118.448733,63.299999,4.000000,0.000000,0.000000
2012-10-23T16:37:14Z,34.059190,-118.448733,63.200001,4.000000,0.000000,0.000000
2012-10-23T16:37:16Z,34.059189,-118.448718,63.200001,3.000000,98.199997,1.250000
2012-10-23T16:37:18Z,34.059185,-118.448685,63.200001,4.000000,93.099998,1.000000
2012-10-23T16:37:20Z,34.059187,-118.448648,62.900002,4.000000,78.800003,1.250000
2012-10-23T16:37:22Z,34.059195,-118.448616,62.299999,4.000000,67.300003,1.250000
2012-10-23T16:37:24Z,34.059205,-118.448586,62.500000,4.000000,64.800003,1.250000
2012-10-23T16:37:26Z,34.059218,-118.448554,62.900002,3.000000,58.000000,1.500000
2012-10-23T16:37:28Z,34.059229,-118.448523,62.900002,3.000000,56.400002,1.500000
2012-10-23T16:37:30Z,34.059239,-118.448489,63.000000,4.000000,58.700001,1.500000
2012-10-23T16:37:32Z,34.059252,-118.448458,62.900002,3.000000,56.900002,1.500000
2012-10-23T16:37:34Z,34.059265,-118.448429,63.400002,3.000000,54.599998,1.500000
2012-10-23T16:37:36Z,34.059278,-118.448403,63.400002,3.000000,53.700001,1.500000
2012-10-23T16:37:38Z,34.059290,-118.448379,62.599998,3.000000,55.099998,1.500000
2012-10-23T16:37:40Z,34.059304,-118.448353,63.000000,4.000000,54.299999,1.500000
2012-10-23T16:37:42Z,34.059318,-118.448327,63.299999,4.000000,53.400002,1.500000
2012-10-23T16:37:44Z,34.059331,-118.448304,64.000000,4.000000,54.599998,1.250000
2012-10-23T16:37:46Z,34.059341,-118.448284,64.199997,6.000000,54.400002,1.000000
2012-10-23T16:37:48Z,34.059353,-118.448265,63.000000,6.000000,51.400002,1.000000
2012-10-23T16:37:50Z,34.059367,-118.448250,63.500000,5.000000,35.700001,1.000000
2012-10-23T16:37:52Z,34.059384,-118.448242,63.799999,5.000000,22.000000,1.000000
2012-10-23T16:37:54Z,34.059398,-118.448234,64.000000,6.000000,17.100000,0.750000
2012-10-23T16:37:56Z,34.059395,-118.448234,64.099998,5.000000,0.000000,0.000000
2012-10-23T16:37:57Z,34.059394,-118.448236,64.400002,4.000000,0.000000,0.000000
2012-10-23T16:37:58Z,34.059393,-118.448237,64.500000,4.000000,0.000000,0.000000
2012-10-23T16:38:00Z,34.059394,-118.448238,64.300003,4.000000,0.000000,0.000000
2012-10-23T16:38:01Z,34.059395,-118.448238,64.300003,4.000000,0.000000,0.000000
2012-10-23T16:38:03Z,34.059395,-118.448239,64.300003,4.000000,0.000000,0.000000
2012-10-23T16:38:05Z,34.059395,-118.448238,64.300003,3.000000,0.000000,0.000000
2012-10-23T16:38:07Z,34.059394,-118.448238,64.300003,4.000000,0.000000,0.000000
2012-10-23T16:38:09Z,34.059394,-118.448237,64.400002,3.000000,0.000000,0.000000
2012-10-23T16:38:11Z,34.059393,-118.448237,64.500000,4.000000,0.000000,0.000000
2012-10-23T16:38:13Z,34.059393,-118.448237,64.599998,4.000000,0.000000,0.000000
2012-10-23T16:38:14Z,34.059393,-118.448237,64.699997,3.000000,0.000000,0.000000
2012-10-23T16:38:16Z,34.059393,-118.448238,64.699997,4.000000,0.000000,0.000000
2012-10-23T16:38:18Z,34.059393,-118.448238,64.599998,3.000000,0.000000,0.000000
2012-10-23T16:38:20Z,34.059393,-118.448238,64.699997,3.000000,0.000000,0.000000
2012-10-23T16:38:22Z,34.059400,-118.448222,64.199997,4.000000,60.799999,0.750000
2012-10-23T16:38:24Z,34.059404,-118.448206,63.700001,4.000000,63.200001,0.750000
2012-10-23T16:38:26Z,34.059412,-118.448178,63.900002,3.000000,66.000000,1.000000
2012-10-23T16:38:28Z,34.059422,-118.448146,64.300003,3.000000,65.199997,1.250000
2012-10-23T16:38:30Z,34.059433,-118.448115,63.700001,3.000000,63.000000,1.250000
2012-10-23T16:38:32Z,34.059445,-118.448087,62.500000,3.000000,60.099998,1.250000
2012-10-23T16:38:34Z,34.059459,-118.448063,63.299999,3.000000,54.900002,1.250000
2012-10-23T16:38:36Z,34.059469,-118.448051,63.299999,4.000000,44.400002,0.750000
2012-10-23T16:38:38Z,34.059466,-118.448052,63.400002,3.000000,0.000000,0.000000
2012-10-23T16:38:40Z,34.059463,-118.448054,63.400002,3.000000,0.000000,0.000000
2012-10-23T16:38:42Z,34.059463,-118.448055,63.400002,3.000000,0.000000,0.000000
2012-10-23T16:38:44Z,34.059462,-118.448058,63.400002,3.000000,0.000000,0.000000
2012-10-23T16:38:46Z,34.059463,-118.448058,63.500000,3.000000,0.000000,0.000000
2012-10-23T16:38:48Z,34.059464,-118.448058,63.599998,4.000000,0.000000,0.000000
2012-10-23T16:38:50Z,34.059465,-118.448057,63.700001,4.000000,0.000000,0.000000
2012-10-23T16:38:52Z,34.059465,-118.448057,63.599998,4.000000,0.000000,0.000000
2012-10-23T16:38:54Z,34.059475,-118.448033,63.700001,4.000000,61.900002,1.250000
2012-10-23T16:38:56Z,34.059485,-118.448014,63.700001,4.000000,60.700001,1.250000
2012-10-23T16:38:58Z,34.059498,-118.447992,63.599998,4.000000,58.599998,1.250000
2012-10-23T16:39:00Z,34.059511,-118.447968,63.400002,6.000000,59.000000,1.250000
2012-10-23T16:39:02Z,34.059525,-118.447941,63.500000,10.000000,58.099998,1.250000
2012-10-23T16:39:04Z,34.059543,-118.447907,63.599998,11.000000,57.299999,1.500000
2012-10-23T16:39:06Z,34.059562,-118.447871,63.599998,10.000000,59.099998,1.500000
2012-10-23T16:39:08Z,34.059581,-118.447844,63.299999,9.000000,56.599998,1.250000
2012-10-23T16:39:10Z,34.059597,-118.447818,63.299999,8.000000,52.299999,1.250000
2012-10-23T16:39:12Z,34.059611,-118.447791,63.200001,6.000000,54.500000,1.250000
2012-10-23T16:39:14Z,34.059622,-118.447767,62.700001,6.000000,54.599998,1.250000
2012-10-23T16:39:16Z,34.059637,-118.447740,61.900002,6.000000,54.099998,1.250000
2012-10-23T16:39:18Z,34.059653,-118.447712,62.700001,5.000000,53.200001,1.250000
2012-10-23T16:39:20Z,34.059662,-118.447672,63.400002,4.000000,59.599998,1.250000
2012-10-23T16:39:22Z,34.059673,-118.447635,64.099998,4.000000,64.400002,1.500000
2012-10-23T16:39:24Z,34.059685,-118.447605,63.900002,4.000000,58.900002,1.500000
2012-10-23T16:39:26Z,34.059698,-118.447582,63.099998,3.000000,58.400002,1.250000
2012-10-23T16:39:28Z,34.059709,-118.447556,62.400002,4.000000,60.599998,1.500000
2012-10-23T16:39:30Z,34.059724,-118.447532,62.599998,4.000000,59.000000,1.250000
2012-10-23T16:39:32Z,34.059739,-118.447513,62.099998,4.000000,56.400002,1.250000
2012-10-23T16:39:34Z,34.059755,-118.447494,62.500000,4.000000,55.799999,1.250000
2012-10-23T16:39:36Z,34.059772,-118.447471,62.299999,4.000000,56.700001,1.250000
2012-10-23T16:39:38Z,34.059787,-118.447448,62.299999,4.000000,56.500000,1.250000
2012-10-23T16:39:40Z,34.059804,-118.447425,62.099998,3.000000,54.099998,1.250000
2012-10-23T16:39:42Z,34.059821,-118.447396,62.200001,3.000000,54.500000,1.250000
2012-10-23T16:39:44Z,34.059835,-118.447367,62.700001,3.000000,55.500000,1.250000
2012-10-23T16:39:46Z,34.059849,-118.447338,62.700001,3.000000,56.400002,1.250000
2012-10-23T16:39:48Z,34.059864,-118.447310,63.599998,3.000000,56.500000,1.250000
2012-10-23T16:39:50Z,34.059880,-118.447284,63.200001,3.000000,54.500000,1.250000
2012-10-23T16:39:52Z,34.059895,-118.447259,63.400002,3.000000,55.400002,1.250000
2012-10-23T16:39:54Z,34.059910,-118.447234,64.099998,3.000000,57.599998,1.500000
2012-10-23T16:39:56Z,34.059925,-118.447210,64.300003,3.000000,56.200001,1.250000
2012-10-23T16:39:58Z,34.059942,-118.447186,63.799999,3.000000,52.500000,1.250000
2012-10-23T16:40:00Z,34.059958,-118.447161,63.500000,3.000000,52.900002,1.500000
2012-10-23T16:40:02Z,34.059971,-118.447135,62.200001,3.000000,56.000000,1.250000
2012-10-23T16:40:04Z,34.059984,-118.447112,62.700001,3.000000,54.500000,1.250000
2012-10-23T16:40:06Z,34.059998,-118.447088,61.900002,3.000000,53.900002,1.250000
2012-10-23T16:40:08Z,34.060010,-118.447062,62.099998,3.000000,56.500000,1.500000
2012-10-23T16:40:10Z,34.060023,-118.447036,62.900002,4.000000,56.700001,1.250000
2012-10-23T16:40:12Z,34.060040,-118.447013,63.000000,3.000000,51.700001,1.500000
2012-10-23T16:40:14Z,34.060058,-118.446992,63.400002,3.000000,47.500000,1.250000
2012-10-23T16:40:16Z,34.060070,-118.446979,63.599998,4.000000,51.000000,1.000000
2012-10-23T16:40:18Z,34.060070,-118.446986,63.500000,3.000000,0.000000,0.000000
2012-10-23T16:40:20Z,34.060073,-118.446988,63.700001,4.000000,51.000000,0.500000
2012-10-23T16:40:22Z,34.060069,-118.446989,63.700001,4.000000,0.000000,0.000000
2012-10-23T16:40:24Z,34.060066,-118.446988,63.900002,4.000000,0.000000,0.000000
2012-10-23T16:40:26Z,34.060064,-118.446987,64.199997,4.000000,0.000000,0.000000
2012-10-23T16:40:28Z,34.060066,-118.446980,64.400002,4.000000,51.000000,0.250000
2012-10-23T16:40:30Z,34.060075,-118.446960,63.900002,4.000000,51.000000,0.750000
2012-10-23T16:40:32Z,34.060088,-118.446936,64.300003,4.000000,53.799999,1.000000
2012-10-23T16:40:34Z,34.060099,-118.446913,63.799999,4.000000,55.500000,1.000000
2012-10-23T16:40:36Z,34.060108,-118.446889,63.900002,4.000000,54.700001,1.000000
2012-10-23T16:40:38Z,34.060119,-118.446866,63.900002,4.000000,53.599998,1.000000
2012-10-23T16:40:40Z,34.060128,-118.446838,64.500000,4.000000,57.299999,1.000000
2012-10-23T16:40:42Z,34.060133,-118.446810,65.400002,3.000000,62.000000,1.000000
2012-10-23T16:40:44Z,34.060140,-118.446781,64.699997,4.000000,61.700001,1.000000
2012-10-23T16:40:46Z,34.060149,-118.446755,64.800003,3.000000,57.000000,1.000000
2012-10-23T16:40:48Z,34.060164,-118.446728,64.300003,3.000000,55.000000,1.000000
2012-10-23T16:40:50Z,34.060176,-118.446706,63.799999,4.000000,51.500000,0.750000
2012-10-23T16:40:52Z,34.060199,-118.446699,63.900002,4.000000,11.000000,1.000000
2012-10-23T16:40:54Z,34.060227,-118.446703,63.500000,4.000000,347.799988,1.250000
2012-10-23T16:40:56Z,34.060253,-118.446710,63.400002,4.000000,344.200012,1.250000
2012-10-23T16:40:58Z,34.060277,-118.446714,63.400002,4.000000,347.200012,1.000000
2012-10-23T16:41:00Z,34.060300,-118.446723,63.700001,4.000000,343.200012,1.000000
2012-10-23T16:41:02Z,34.060321,-118.446740,64.099998,4.000000,330.700012,1.250000
2012-10-23T16:41:05Z,34.060345,-118.446760,64.099998,4.000000,326.500000,1.250000
2012-10-23T16:41:08Z,34.060389,-118.446783,63.500000,7.000000,333.600006,1.250000
2012-10-23T16:41:10Z,34.060419,-118.446799,63.900002,6.000000,335.100006,1.500000
2012-10-23T16:41:12Z,34.060452,-118.446822,63.900002,5.000000,327.299988,1.500000
2012-10-23T16:41:14Z,34.060483,-118.446851,64.000000,5.000000,319.700012,1.500000
2012-10-23T16:41:16Z,34.060503,-118.446882,64.099998,4.000000,311.000000,1.500000
2012-10-23T16:41:18Z,34.060516,-118.446911,64.000000,4.000000,303.799988,1.500000
2012-10-23T16:41:20Z,34.060533,-118.446939,64.500000,4.000000,303.500000,1.500000
2012-10-23T16:41:22Z,34.060551,-118.446969,64.800003,4.000000,306.600006,1.500000
2012-10-23T16:41:24Z,34.060577,-118.446989,64.699997,4.000000,313.399994,1.500000
2012-10-23T16:41:26Z,34.060607,-118.447000,63.799999,4.000000,323.200012,1.500000
2012-10-23T16:41:28Z,34.060636,-118.447008,64.300003,4.000000,328.799988,1.500000
2012-10-23T16:41:30Z,34.060656,-118.447017,64.800003,4.000000,329.799988,1.250000
2012-10-23T16:41:32Z,34.060670,-118.447028,64.699997,4.000000,328.000000,1.000000
2012-10-23T16:41:34Z,34.060689,-118.447035,64.300003,4.000000,336.200012,1.000000
2012-10-23T16:41:36Z,34.060710,-118.447037,66.699997,3.000000,343.500000,1.000000
2012-10-23T16:41:38Z,34.060732,-118.447046,67.300003,3.000000,338.399994,1.250000
2012-10-23T16:41:40Z,34.060755,-118.447059,67.900002,4.000000,334.399994,1.250000
2012-10-23T16:41:42Z,34.060777,-118.447072,68.099998,4.000000,334.299988,1.250000
2012-10-23T16:41:44Z,34.060794,-118.447073,67.800003,3.000000,338.500000,0.750000
2012-10-23T16:41:46Z,34.060801,-118.447070,68.400002,4.000000,338.500000,0.250000
2012-10-23T16:41:48Z,34.060801,-118.447069,68.099998,4.000000,338.500000,0.250000
2012-10-23T16:41:50Z,34.060792,-118.447068,68.699997,4.000000,0.000000,0.000000
2012-10-23T16:41:52Z,34.060801,-118.447067,69.900002,4.000000,0.000000,0.000000
2012-10-23T16:41:54Z,34.060809,-118.447062,72.000000,4.000000,0.000000,0.000000
2012-10-23T16:41:56Z,34.060813,-118.447063,71.800003,4.000000,0.000000,0.000000
2012-10-23T16:41:58Z,34.060816,-118.447066,71.800003,4.000000,0.000000,0.000000
2012-10-23T16:42:00Z,34.060818,-118.447069,71.800003,4.000000,0.000000,0.000000
2012-10-23T16:42:02Z,34.060819,-118.447073,71.699997,4.000000,0.000000,0.000000
2012-10-23T16:42:04Z,34.060828,-118.447085,71.699997,3.000000,331.000000,1.250000
2012-10-23T16:42:06Z,34.060847,-118.447103,72.099998,4.000000,329.299988,1.000000
2012-10-23T16:42:08Z,34.060866,-118.447128,72.099998,4.000000,324.000000,1.000000
2012-10-23T16:42:10Z,34.060886,-118.447154,70.099998,4.000000,317.500000,1.000000
2012-10-23T16:42:12Z,34.060913,-118.447177,71.400002,4.000000,315.100006,1.250000
2012-10-23T16:42:14Z,34.060944,-118.447197,72.500000,4.000000,322.500000,1.250000
2012-10-23T16:42:16Z,34.060976,-118.447211,74.400002,4.000000,333.600006,1.250000
2012-10-23T16:42:18Z,34.061006,-118.447233,73.000000,4.000000,334.399994,1.250000
2012-10-23T16:42:20Z,34.061035,-118.447252,73.800003,4.000000,333.600006,1.250000
2012-10-23T16:42:22Z,34.061062,-118.447269,74.599998,4.000000,332.899994,1.250000
2012-10-23T16:42:24Z,34.061087,-118.447285,74.500000,4.000000,332.000000,1.250000
2012-10-23T16:42:26Z,34.061110,-118.447304,75.300003,3.000000,326.600006,1.250000
2012-10-23T16:42:28Z,34.061131,-118.447324,74.800003,3.000000,321.799988,1.250000
2012-10-23T16:42:30Z,34.061153,-118.447342,76.599998,3.000000,332.100006,1.250000
2012-10-23T16:42:32Z,34.061181,-118.447350,77.300003,4.000000,345.899994,1.250000
2012-10-23T16:42:34Z,34.061206,-118.447361,75.900002,3.000000,339.399994,1.250000
2012-10-23T16:42:36Z,34.061226,-118.447382,76.599998,3.000000,326.000000,1.250000
2012-10-23T16:42:38Z,34.061248,-118.447402,76.699997,4.000000,325.000000,1.250000
2012-10-23T16:42:40Z,34.061270,-118.447419,76.500000,4.000000,326.399994,1.250000
2012-10-23T16:42:42Z,34.061292,-118.447430,77.900002,3.000000,332.299988,1.250000
2012-10-23T16:42:44Z,34.061312,-118.447439,77.500000,3.000000,332.899994,1.000000
2012-10-23T16:42:46Z,34.061332,-118.447453,77.300003,4.000000,327.200012,1.250000
2012-10-23T16:42:48Z,34.061354,-118.447470,77.500000,4.000000,327.399994,1.250000
2012-10-23T16:42:50Z,34.061379,-118.447487,77.500000,4.000000,329.200012,1.500000
2012-10-23T16:42:51Z,34.061390,-118.447496,77.500000,5.000000,328.899994,1.500000
2012-10-23T16:42:53Z,34.061414,-118.447517,77.800003,6.000000,325.000000,1.500000
2012-10-23T16:42:55Z,34.061429,-118.447535,77.800003,8.000000,320.899994,1.250000
2012-10-23T16:42:57Z,34.061443,-118.447547,77.699997,9.000000,320.899994,1.250000
2012-10-23T16:42:59Z,34.061462,-118.447563,78.400002,7.000000,325.600006,1.250000
2012-10-23T16:43:01Z,34.061485,-118.447585,77.699997,5.000000,326.000000,1.250000
2012-10-23T16:43:03Z,34.061507,-118.447608,78.000000,5.000000,326.899994,1.250000
2012-10-23T16:43:05Z,34.061526,-118.447627,79.199997,4.000000,331.600006,1.250000
2012-10-23T16:43:07Z,34.061548,-118.447643,78.900002,4.000000,335.700012,1.250000
2012-10-23T16:43:09Z,34.061569,-118.447659,79.300003,4.000000,336.000000,1.250000
2012-10-23T16:43:11Z,34.061594,-118.447676,79.699997,4.000000,338.500000,1.250000
2012-10-23T16:43:13Z,34.061621,-118.447689,81.000000,4.000000,341.500000,1.250000
2012-10-23T16:43:15Z,34.061641,-118.447714,80.300003,4.000000,327.799988,1.250000
2012-10-23T16:43:17Z,34.061652,-118.447730,81.699997,4.000000,317.600006,0.750000
2012-10-23T16:43:19Z,34.061659,-118.447739,82.000000,4.000000,317.600006,0.500000
2012-10-23T16:43:20Z,34.061655,-118.447741,81.099998,4.000000,0.000000,0.000000
2012-10-23T16:43:22Z,34.061653,-118.447743,80.900002,4.000000,0.000000,0.000000
2012-10-23T16:43:24Z,34.061652,-118.447742,81.099998,4.000000,0.000000,0.000000
2012-10-23T16:43:26Z,34.061647,-118.447742,81.199997,4.000000,0.000000,0.000000
2012-10-23T16:43:28Z,34.061645,-118.447743,81.300003,4.000000,0.000000,0.000000
2012-10-23T16:43:30Z,34.061646,-118.447743,81.300003,4.000000,0.000000,0.000000
2012-10-23T16:43:32Z,34.061665,-118.447756,82.000000,4.000000,327.799988,1.250000
2012-10-23T16:43:34Z,34.061682,-118.447768,82.400002,4.000000,327.100006,1.250000
2012-10-23T16:43:36Z,34.061697,-118.447779,82.300003,4.000000,325.700012,1.000000
2012-10-23T16:43:38Z,34.061718,-118.447794,82.800003,4.000000,329.000000,1.000000
2012-10-23T16:43:40Z,34.061743,-118.447807,82.400002,4.000000,335.299988,1.250000
2012-10-23T16:43:42Z,34.061766,-118.447838,76.800003,3.000000,333.799988,1.250000
2012-10-23T16:43:44Z,34.061782,-118.447885,73.500000,3.000000,311.200012,1.000000
2012-10-23T16:43:46Z,34.061798,-118.447930,71.599998,3.000000,312.299988,1.000000
2012-10-23T16:43:48Z,34.061823,-118.447965,71.300003,4.000000,333.799988,1.250000
2012-10-23T16:43:50Z,34.061847,-118.447995,69.300003,6.000000,340.299988,1.250000
2012-10-23T16:43:52Z,34.061867,-118.448019,69.800003,8.000000,338.500000,1.000000
2012-10-23T16:43:54Z,34.061889,-118.448045,68.199997,6.000000,333.600006,1.250000
2012-10-23T16:43:56Z,34.061912,-118.448070,68.300003,5.000000,330.700012,1.250000
2012-10-23T16:43:58Z,34.061934,-118.448089,67.800003,3.000000,333.399994,1.250000
2012-10-23T16:44:00Z,34.061958,-118.448107,67.699997,3.000000,330.700012,1.250000
2012-10-23T16:44:02Z,34.061980,-118.448126,68.500000,3.000000,325.200012,1.250000
2012-10-23T16:44:04Z,34.061998,-118.448140,70.500000,3.000000,335.200012,1.000000
2012-10-23T16:44:06Z,34.062014,-118.448145,69.099998,3.000000,355.399994,1.000000
2012-10-23T16:44:08Z,34.062032,-118.448153,68.500000,3.000000,348.200012,1.000000
2012-10-23T16:44:10Z,34.062051,-118.448165,68.599998,4.000000,337.700012,1.000000
2012-10-23T16:44:12Z,34.062070,-118.448177,68.599998,4.000000,337.000000,1.000000
2012-10-23T16:44:14Z,34.062088,-118.448190,68.599998,4.000000,335.700012,1.250000
2012-10-23T16:44:16Z,34.062110,-118.448203,68.699997,4.000000,337.799988,1.250000
2012-10-23T16:44:18Z,34.062129,-118.448213,68.599998,4.000000,338.000000,1.000000
2012-10-23T16:44:20Z,34.062144,-118.448224,68.699997,4.000000,334.899994,1.000000
2012-10-23T16:44:22Z,34.062162,-118.448238,68.900002,4.000000,333.100006,1.000000
2012-10-23T16:44:24Z,34.062178,-118.448245,68.900002,4.000000,335.600006,1.000000
2012-10-23T16:44:26Z,34.062190,-118.448250,69.199997,4.000000,336.500000,0.750000
2012-10-23T16:44:28Z,34.062201,-118.448254,69.000000,4.000000,336.500000,0.500000
2012-10-23T16:44:30Z,34.062221,-118.448252,69.199997,4.000000,336.500000,0.750000
2012-10-23T16:44:32Z,34.062242,-118.448249,69.199997,4.000000,357.200012,0.750000
2012-10-23T16:44:34Z,34.062270,-118.448259,69.199997,4.000000,348.000000,0.750000
2012-10-23T16:44:36Z,34.062295,-118.448269,69.300003,4.000000,343.799988,0.750000
2012-10-23T16:44:38Z,34.062315,-118.448275,69.500000,4.000000,346.799988,0.750000
2012-10-23T16:44:40Z,34.062329,-118.448284,69.800003,4.000000,346.799988,0.750000
2012-10-23T16:44:42Z,34.062346,-118.448292,69.599998,5.000000,346.799988,0.750000
2012-10-23T16:44:44Z,34.062365,-118.448307,69.000000,6.000000,0.000000,0.000000
2012-10-23T16:44:46Z,34.062374,-118.448316,69.000000,6.000000,0.000000,0.000000
2012-10-23T16:44:48Z,34.062375,-118.448321,68.900002,7.000000,0.000000,0.000000
2012-10-23T16:44:50Z,34.062378,-118.448323,68.900002,6.000000,0.000000,0.000000
2012-10-23T16:44:52Z,34.062376,-118.448336,68.400002,6.000000,0.000000,0.000000
2012-10-23T16:44:54Z,34.062376,-118.448345,68.500000,5.000000,0.000000,0.000000
2012-10-23T16:44:56Z,34.062377,-118.448347,68.400002,5.000000,0.000000,0.000000
2012-10-23T16:44:58Z,34.062375,-118.448346,68.400002,6.000000,0.000000,0.000000
2012-10-23T16:45:00Z,34.062374,-118.448346,68.400002,6.000000,0.000000,0.000000
2012-10-23T16:45:02Z,34.062375,-118.448347,68.300003,7.000000,0.000000,0.000000
2012-10-23T16:45:04Z,34.062377,-118.448346,68.400002,7.000000,0.000000,0.000000
2012-10-23T16:45:06Z,34.062379,-118.448345,68.400002,9.000000,0.000000,0.000000
2012-10-23T16:45:08Z,34.062380,-118.448346,68.400002,9.000000,0.000000,0.000000
2012-10-23T16:45:10Z,34.062383,-118.448346,68.300003,8.000000,0.000000,0.000000
2012-10-23T16:45:12Z,34.062386,-118.448347,68.599998,6.000000,0.000000,0.000000
2012-10-23T16:45:14Z,34.062403,-118.448349,68.800003,4.000000,343.600006,1.000000
2012-10-23T16:45:16Z,34.062456,-118.448339,68.699997,4.000000,349.399994,1.000000
2012-10-23T16:45:18Z,34.062501,-118.448342,69.900002,4.000000,350.500000,1.250000
2012-10-23T16:45:20Z,34.062549,-118.448364,68.500000,4.000000,343.000000,1.250000
2012-10-23T16:45:22Z,34.062599,-118.448390,68.900002,4.000000,338.899994,1.500000
2012-10-23T16:45:24Z,34.062652,-118.448413,68.099998,4.000000,342.700012,1.500000
2012-10-23T16:45:26Z,34.062704,-118.448429,68.500000,4.000000,345.600006,1.500000
2012-10-23T16:45:28Z,34.062744,-118.448441,68.199997,4.000000,0.000000,0.000000
2012-10-23T16:45:30Z,34.062755,-118.448447,68.599998,4.000000,0.000000,0.000000
2012-10-23T16:45:32Z,34.062757,-118.448447,69.599998,4.000000,0.000000,0.000000
2012-10-23T16:45:34Z,34.062759,-118.448444,70.099998,4.000000,0.000000,0.000000
2012-10-23T16:45:36Z,34.062767,-118.448437,71.199997,4.000000,0.000000,0.000000
2012-10-23T16:45:38Z,34.062768,-118.448434,71.300003,4.000000,0.000000,0.000000
2012-10-23T16:45:40Z,34.062771,-118.448432,71.400002,4.000000,0.000000,0.000000
2012-10-23T16:45:42Z,34.062781,-118.448437,71.500000,4.000000,326.299988,1.000000
2012-10-23T16:45:44Z,34.062806,-118.448447,70.800003,4.000000,330.700012,0.750000
2012-10-23T16:45:46Z,34.062840,-118.448460,70.599998,5.000000,332.200012,1.000000
2012-10-23T16:45:48Z,34.062875,-118.448490,70.900002,4.000000,329.899994,1.250000
2012-10-23T16:45:50Z,34.062914,-118.448526,70.699997,4.000000,324.299988,1.250000
2012-10-23T16:45:52Z,34.062954,-118.448568,70.699997,4.000000,323.899994,1.250000
2012-10-23T16:45:54Z,34.062991,-118.448604,70.699997,4.000000,328.700012,1.500000
2012-10-23T16:45:57Z,34.063039,-118.448646,72.000000,4.000000,329.399994,1.250000
2012-10-23T16:45:59Z,34.063066,-118.448671,72.400002,5.000000,328.799988,1.250000
2012-10-23T16:46:01Z,34.063095,-118.448690,73.099998,5.000000,335.100006,1.250000
2012-10-23T16:46:03Z,34.063121,-118.448707,73.300003,5.000000,331.600006,1.250000
2012-10-23T16:46:05Z,34.063142,-118.448731,73.800003,5.000000,323.399994,1.250000
2012-10-23T16:46:07Z,34.063162,-118.448755,73.800003,4.000000,323.399994,1.250000
2012-10-23T16:46:09Z,34.063181,-118.448775,73.599998,4.000000,324.200012,1.250000
2012-10-23T16:46:11Z,34.063197,-118.448797,72.199997,4.000000,319.600006,1.250000
2012-10-23T16:46:13Z,34.063212,-118.448820,73.500000,4.000000,313.500000,1.250000
2012-10-23T16:46:15Z,34.063230,-118.448838,74.800003,3.000000,319.200012,1.250000
2012-10-23T16:46:17Z,34.063248,-118.448851,75.000000,3.000000,325.299988,1.250000
2012-10-23T16:46:19Z,34.063266,-118.448866,75.000000,3.000000,319.399994,1.250000
2012-10-23T16:46:21Z,34.063284,-118.448883,75.800003,3.000000,317.100006,1.250000
2012-10-23T16:46:23Z,34.063301,-118.448902,74.500000,3.000000,321.100006,1.250000
2012-10-23T16:46:25Z,34.063319,-118.448923,74.500000,3.000000,320.500000,1.250000
2012-10-23T16:46:27Z,34.063339,-118.448946,74.400002,3.000000,316.799988,1.500000
2012-10-23T16:46:29Z,34.063360,-118.448969,75.199997,3.000000,318.399994,1.500000
2012-10-23T16:46:31Z,34.063377,-118.448986,75.500000,3.000000,321.000000,1.250000
2012-10-23T16:46:33Z,34.063371,-118.448985,76.199997,3.000000,0.000000,0.000000
2012-10-23T16:46:35Z,34.063365,-118.448986,75.400002,4.000000,0.000000,0.000000
2012-10-23T16:46:37Z,34.063364,-118.448994,74.500000,4.000000,0.000000,0.000000
2012-10-23T16:46:39Z,34.063367,-118.449000,74.099998,3.000000,322.200012,0.500000
2012-10-23T16:46:41Z,34.063374,-118.449004,74.099998,4.000000,322.200012,0.250000
2012-10-23T16:46:43Z,34.063394,-118.449018,74.000000,3.000000,320.299988,1.000000
2012-10-23T16:46:45Z,34.063422,-118.449038,74.099998,4.000000,321.700012,1.250000
2012-10-23T16:46:47Z,34.063448,-118.449057,74.199997,4.000000,320.799988,1.250000
2012-10-23T16:46:49Z,34.063475,-118.449075,74.699997,4.000000,322.100006,1.250000
2012-10-23T16:46:51Z,34.063501,-118.449093,74.699997,5.000000,325.000000,1.500000
2012-10-23T16:46:53Z,34.063531,-118.449107,74.500000,6.000000,330.299988,1.500000
2012-10-23T16:46:55Z,34.063566,-118.449124,74.500000,8.000000,333.000000,1.500000
2012-10-23T16:46:57Z,34.063596,-118.449145,74.599998,10.000000,329.399994,1.500000
2012-10-23T16:46:59Z,34.063618,-118.449177,74.699997,10.000000,321.100006,1.500000
2012-10-23T16:47:01Z,34.063631,-118.449212,75.000000,7.000000,313.299988,1.500000
2012-10-23T16:47:03Z,34.063642,-118.449234,75.199997,6.000000,316.500000,1.250000
2012-10-23T16:47:05Z,34.063660,-118.449249,75.400002,5.000000,324.600006,1.250000
2012-10-23T16:47:07Z,34.063677,-118.449270,74.500000,5.000000,323.399994,1.250000
2012-10-23T16:47:09Z,34.063692,-118.449288,76.500000,5.000000,321.399994,1.250000
2012-10-23T16:47:11Z,34.063708,-118.449304,76.800003,4.000000,322.200012,1.250000
2012-10-23T16:47:13Z,34.063724,-118.449311,80.300003,4.000000,335.299988,1.250000
2012-10-23T16:47:15Z,34.063744,-118.449309,80.900002,4.000000,353.200012,1.250000
2012-10-23T16:47:17Z,34.063764,-118.449312,81.099998,4.000000,346.600006,1.250000
2012-10-23T16:47:19Z,34.063782,-118.449319,81.400002,4.000000,339.899994,1.000000
2012-10-23T16:47:21Z,34.063798,-118.449327,81.199997,4.000000,339.899994,1.000000
2012-10-23T16:47:23Z,34.063817,-118.449339,81.199997,4.000000,332.700012,1.000000
2012-10-23T16:47:25Z,34.063839,-118.449363,81.500000,5.000000,326.299988,1.250000
2012-10-23T16:47:27Z,34.063856,-118.449399,80.699997,4.000000,317.799988,1.250000
2012-10-23T16:47:29Z,34.063877,-118.449426,82.300003,4.000000,328.399994,1.000000
2012-10-23T16:47:31Z,34.063895,-118.449433,83.699997,4.000000,4.200000,1.000000
2012-10-23T16:47:33Z,34.063910,-118.449435,84.000000,4.000000,5.000000,1.000000
2012-10-23T16:47:35Z,34.063926,-118.449446,84.599998,4.000000,347.700012,1.000000
2012-10-23T16:47:37Z,34.063937,-118.449466,84.699997,4.000000,329.899994,1.000000
2012-10-23T16:47:39Z,34.063948,-118.449487,84.599998,5.000000,319.500000,1.000000
2012-10-23T16:47:41Z,34.063959,-118.449510,84.199997,5.000000,314.600006,1.000000
2012-10-23T16:47:43Z,34.063967,-118.449538,83.699997,5.000000,306.500000,1.000000
2012-10-23T16:47:45Z,34.063974,-118.449570,83.900002,5.000000,303.000000,1.000000
2012-10-23T16:47:47Z,34.063986,-118.449598,84.199997,5.000000,307.899994,1.000000
2012-10-23T16:47:49Z,34.064013,-118.449632,82.000000,4.000000,318.899994,1.250000
2012-10-23T16:47:51Z,34.064045,-118.449664,81.900002,5.000000,322.399994,1.500000
2012-10-23T16:47:53Z,34.064071,-118.449690,82.099998,5.000000,325.399994,1.250000
2012-10-23T16:47:55Z,34.064091,-118.449717,82.199997,5.000000,322.799988,1.250000
2012-10-23T16:47:57Z,34.064109,-118.449739,82.300003,5.000000,323.600006,1.000000
2012-10-23T16:47:59Z,34.064128,-118.449758,82.900002,5.000000,327.200012,1.000000
2012-10-23T16:48:01Z,34.064144,-118.449776,82.900002,4.000000,322.500000,1.000000
2012-10-23T16:48:03Z,34.064159,-118.449794,82.900002,4.000000,323.700012,0.750000
2012-10-23T16:48:05Z,34.064176,-118.449811,82.400002,4.000000,327.700012,1.000000
2012-10-23T16:48:07Z,34.064198,-118.449834,81.099998,4.000000,330.000000,1.000000
2012-10-23T16:48:09Z,34.064216,-118.449853,81.099998,4.000000,329.100006,1.000000
2012-10-23T16:48:11Z,34.064223,-118.449867,80.400002,3.000000,329.100006,0.500000
2012-10-23T16:48:13Z,34.064224,-118.449885,79.900002,4.000000,0.000000,0.000000
2012-10-23T16:48:15Z,34.064225,-118.449889,79.900002,4.000000,0.000000,0.000000
2012-10-23T16:48:17Z,34.064225,-118.449890,80.000000,4.000000,0.000000,0.000000
2012-10-23T16:48:19Z,34.064228,-118.449890,79.300003,4.000000,0.000000,0.000000
2012-10-23T16:48:21Z,34.064238,-118.449897,79.099998,4.000000,329.100006,0.750000
2012-10-23T16:48:23Z,34.064250,-118.449910,80.099998,4.000000,322.500000,0.750000
2012-10-23T16:48:25Z,34.064266,-118.449927,80.500000,4.000000,323.600006,1.000000
2012-10-23T16:48:27Z,34.064285,-118.449944,80.800003,4.000000,324.500000,1.250000
2012-10-23T16:48:29Z,34.064308,-118.449958,80.400002,3.000000,327.899994,1.250000
2012-10-23T16:48:31Z,34.064335,-118.449976,81.699997,3.000000,327.899994,1.250000
2012-10-23T16:48:33Z,34.064363,-118.450003,81.699997,3.000000,325.000000,1.250000
2012-10-23T16:48:35Z,34.064393,-118.450019,84.699997,3.000000,340.700012,1.250000
2012-10-23T16:48:37Z,34.064420,-118.450030,84.000000,3.000000,346.200012,1.250000
2012-10-23T16:48:39Z,34.064445,-118.450049,83.900002,3.000000,331.399994,1.250000
2012-10-23T16:48:41Z,34.064471,-118.450069,84.400002,3.000000,330.399994,1.500000
2012-10-23T16:48:43Z,34.064497,-118.450085,83.900002,3.000000,334.899994,1.500000
2012-10-23T16:48:45Z,34.064520,-118.450100,82.300003,4.000000,338.500000,1.250000
2012-10-23T16:48:47Z,34.064540,-118.450114,82.900002,3.000000,338.299988,1.250000
2012-10-23T16:48:49Z,34.064563,-118.450126,82.599998,3.000000,338.100006,1.250000
2012-10-23T16:48:51Z,34.064584,-118.450135,83.800003,3.000000,342.000000,1.250000
2012-10-23T16:48:53Z,34.064609,-118.450143,83.500000,3.000000,344.299988,1.250000
2012-10-23T16:48:55Z,34.064634,-118.450158,83.699997,3.000000,338.799988,1.500000
2012-10-23T16:48:57Z,34.064656,-118.450174,82.699997,3.000000,332.700012,1.250000
2012-10-23T16:48:59Z,34.064674,-118.450187,83.300003,3.000000,332.500000,1.250000
2012-10-23T16:49:01Z,34.064696,-118.450199,83.300003,3.000000,334.700012,1.250000
2012-10-23T16:49:03Z,34.064719,-118.450214,83.000000,3.000000,334.299988,1.250000
2012-10-23T16:49:05Z,34.064743,-118.450232,82.699997,3.000000,333.200012,1.250000
2012-10-23T16:49:07Z,34.064765,-118.450250,83.300003,4.000000,332.299988,1.500000
2012-10-23T16:49:09Z,34.064787,-118.450265,83.000000,4.000000,335.500000,1.250000
2012-10-23T16:49:11Z,34.064810,-118.450278,83.500000,3.000000,337.700012,1.250000
2012-10-23T16:49:13Z,34.064834,-118.450293,83.400002,4.000000,336.799988,1.500000
2012-10-23T16:49:15Z,34.064858,-118.450307,83.699997,3.000000,337.500000,1.500000
2012-10-23T16:49:17Z,34.064883,-118.450320,84.000000,3.000000,337.899994,1.500000
2012-10-23T16:49:19Z,34.064909,-118.450333,83.300003,3.000000,337.500000,1.500000
2012-10-23T16:49:21Z,34.064936,-118.450348,83.400002,4.000000,336.100006,1.500000
2012-10-23T16:49:23Z,34.064959,-118.450363,83.000000,3.000000,336.299988,1.500000
2012-10-23T16:49:25Z,34.064983,-118.450375,82.699997,3.000000,337.899994,1.500000
2012-10-23T16:49:27Z,34.065006,-118.450387,82.800003,3.000000,337.100006,1.250000
2012-10-23T16:49:29Z,34.065029,-118.450399,83.099998,3.000000,338.500000,1.250000
2012-10-23T16:49:31Z,34.065054,-118.450408,82.599998,4.000000,340.799988,1.500000
2012-10-23T16:49:33Z,34.065078,-118.450417,82.699997,4.000000,339.399994,1.250000
2012-10-23T16:49:35Z,34.065102,-118.450428,82.599998,3.000000,338.100006,1.250000
2012-10-23T16:49:37Z,34.065129,-118.450439,83.300003,3.000000,338.399994,1.500000
2012-10-23T16:49:39Z,34.065159,-118.450447,83.800003,3.000000,340.000000,1.500000
2012-10-23T16:49:41Z,34.065186,-118.450453,83.400002,3.000000,342.700012,1.500000
2012-10-23T16:49:43Z,34.065209,-118.450459,82.599998,3.000000,342.100006,1.250000
2012-10-23T16:49:45Z,34.065220,-118.450461,82.500000,3.000000,343.100006,0.500000
2012-10-23T16:49:47Z,34.065213,-118.450460,82.800003,3.000000,0.000000,0.000000
2012-10-23T16:49:49Z,34.065213,-118.450459,83.599998,3.000000,0.000000,0.000000
2012-10-23T16:49:51Z,34.065213,-118.450457,83.500000,3.000000,0.000000,0.000000
2012-10-23T16:49:53Z,34.065212,-118.450456,83.699997,3.000000,0.000000,0.000000
2012-10-23T16:49:55Z,34.065213,-118.450455,83.800003,3.000000,0.000000,0.000000
2012-10-23T16:49:57Z,34.065223,-118.450463,83.900002,3.000000,343.100006,0.750000
2012-10-23T16:49:59Z,34.065235,-118.450471,84.000000,3.000000,332.500000,1.000000
2012-10-23T16:50:01Z,34.065258,-118.450479,84.400002,3.000000,340.799988,1.250000
2012-10-23T16:50:03Z,34.065282,-118.450486,84.400002,4.000000,343.899994,1.250000
2012-10-23T16:50:05Z,34.065301,-118.450488,83.900002,3.000000,346.399994,1.000000
2012-10-23T16:50:07Z,34.065310,-118.450489,84.199997,4.000000,347.000000,0.500000
2012-10-23T16:50:09Z,34.065315,-118.450491,84.500000,4.000000,347.000000,0.500000
2012-10-23T16:50:11Z,34.065328,-118.450493,83.800003,4.000000,347.000000,0.750000
2012-10-23T16:50:13Z,34.065348,-118.450497,83.800003,4.000000,348.000000,1.000000
2012-10-23T16:50:15Z,34.065378,-118.450507,83.599998,3.000000,347.799988,1.250000
2012-10-23T16:50:17Z,34.065406,-118.450525,83.400002,3.000000,340.399994,1.500000
2012-10-23T16:50:19Z,34.065433,-118.450544,83.699997,4.000000,335.799988,1.500000
2012-10-23T16:50:21Z,34.065454,-118.450563,84.500000,4.000000,332.799988,1.250000
2012-10-23T16:50:23Z,34.065476,-118.450575,83.699997,3.000000,334.799988,1.250000
2012-10-23T16:50:25Z,34.065501,-118.450580,83.800003,3.000000,343.899994,1.250000
2012-10-23T16:50:27Z,34.065530,-118.450588,83.800003,3.000000,344.399994,1.250000
2012-10-23T16:50:29Z,34.065558,-118.450596,84.500000,3.000000,339.799988,1.500000
2012-10-23T16:50:31Z,34.065584,-118.450607,83.400002,3.000000,338.100006,1.250000
2012-10-23T16:50:33Z,34.065611,-118.450615,83.099998,4.000000,343.299988,1.500000
2012-10-23T16:50:35Z,34.065637,-118.450622,80.300003,3.000000,346.200012,1.250000
2012-10-23T16:50:37Z,34.065663,-118.450628,79.300003,3.000000,347.000000,1.250000
2012-10-23T16:50:39Z,34.065687,-118.450636,79.599998,3.000000,341.799988,1.250000
2012-10-23T16:50:41Z,34.065713,-118.450647,79.900002,3.000000,338.100006,1.250000
2012-10-23T16:50:43Z,34.065738,-118.450654,79.699997,3.000000,345.399994,1.250000
2012-10-23T16:50:45Z,34.065764,-118.450655,80.000000,4.000000,352.299988,1.250000
2012-10-23T16:50:47Z,34.065785,-118.450659,80.199997,3.000000,351.600006,1.250000
2012-10-23T16:50:49Z,34.065808,-118.450666,80.500000,3.000000,345.299988,1.250000
2012-10-23T16:50:51Z,34.065831,-118.450676,81.300003,3.000000,342.899994,1.250000
2012-10-23T16:50:53Z,34.065836,-118.450677,82.099998,3.000000,0.000000,0.000000
2012-10-23T16:50:55Z,34.065832,-118.450673,82.000000,3.000000,342.000000,0.250000
2012-10-23T16:51:03Z,34.065833,-118.450681,80.699997,3.000000,0.000000,0.000000
2012-10-23T16:51:04Z,34.065837,-118.450682,80.900002,4.000000,0.000000,0.000000
2012-10-23T16:51:06Z,34.065839,-118.450682,81.300003,4.000000,0.000000,0.000000
2012-10-23T16:51:08Z,34.065839,-118.450682,81.300003,4.000000,0.000000,0.000000
2012-10-23T16:51:10Z,34.065840,-118.450684,81.300003,3.000000,0.000000,0.000000
2012-10-23T16:51:12Z,34.065842,-118.450689,81.000000,3.000000,0.000000,0.000000
2012-10-23T16:51:14Z,34.065843,-118.450691,81.000000,3.000000,0.000000,0.000000
2012-10-23T16:51:16Z,34.065844,-118.450692,81.000000,3.000000,0.000000,0.000000
2012-10-23T16:51:18Z,34.065844,-118.450692,81.000000,3.000000,0.000000,0.000000
2012-10-23T16:51:20Z,34.065845,-118.450691,82.300003,3.000000,0.000000,0.000000
2012-10-23T16:51:22Z,34.065850,-118.450698,82.199997,3.000000,0.000000,0.000000
2012-10-23T16:51:24Z,34.065872,-118.450707,82.300003,3.000000,342.799988,1.250000
2012-10-23T16:51:26Z,34.065891,-118.450715,82.199997,3.000000,341.200012,1.250000
2012-10-23T16:51:28Z,34.065912,-118.450725,83.300003,3.000000,341.899994,1.250000
2012-10-23T16:51:30Z,34.065935,-118.450733,83.900002,3.000000,342.399994,1.250000
2012-10-23T16:51:32Z,34.065956,-118.450743,84.400002,3.000000,342.700012,1.250000
2012-10-23T16:51:34Z,34.065977,-118.450754,84.699997,3.000000,342.500000,1.250000
2012-10-23T16:51:36Z,34.065999,-118.450763,84.599998,3.000000,342.299988,1.250000
2012-10-23T16:51:38Z,34.066023,-118.450771,84.500000,3.000000,345.899994,1.250000
2012-10-23T16:51:40Z,34.066046,-118.450777,85.099998,3.000000,344.399994,1.250000
2012-10-23T16:51:42Z,34.066070,-118.450786,85.099998,3.000000,338.399994,1.250000
2012-10-23T16:51:44Z,34.066094,-118.450797,85.400002,3.000000,335.100006,1.250000
2012-10-23T16:51:46Z,34.066115,-118.450811,86.099998,3.000000,330.200012,1.250000
2012-10-23T16:51:48Z,34.066140,-118.450825,87.400002,3.000000,333.399994,1.500000
2012-10-23T16:51:50Z,34.066163,-118.450837,87.400002,3.000000,334.100006,1.250000
2012-10-23T16:51:52Z,34.066179,-118.450850,87.800003,3.000000,325.700012,1.250000
2012-10-23T16:51:54Z,34.066196,-118.450868,88.599998,3.000000,321.200012,1.250000
2012-10-23T16:51:56Z,34.066213,-118.450885,89.199997,3.000000,319.700012,1.250000
2012-10-23T16:51:58Z,34.066229,-118.450901,89.900002,3.000000,318.299988,1.250000
2012-10-23T16:52:00Z,34.066246,-118.450921,91.199997,3.000000,316.500000,1.250000
2012-10-23T16:52:02Z,34.066262,-118.450942,91.699997,3.000000,312.000000,1.250000
2012-10-23T16:52:04Z,34.066276,-118.450966,91.800003,3.000000,307.799988,1.250000
2012-10-23T16:52:06Z,34.066287,-118.450988,91.699997,3.000000,303.399994,1.250000
2012-10-23T16:52:08Z,34.066297,-118.451010,91.800003,4.000000,298.799988,1.000000
2012-10-23T16:52:10Z,34.066305,-118.451031,90.900002,4.000000,295.899994,1.000000
2012-10-23T16:52:12Z,34.066309,-118.451054,90.500000,4.000000,289.600006,1.000000
2012-10-23T16:52:14Z,34.066312,-118.451079,89.699997,3.000000,288.899994,1.000000
2012-10-23T16:52:16Z,34.066319,-118.451103,90.300003,3.000000,290.000000,1.000000
2012-10-23T16:52:18Z,34.066327,-118.451134,90.599998,3.000000,287.299988,1.250000
2012-10-23T16:52:20Z,34.066333,-118.451170,90.099998,3.000000,283.899994,1.500000
2012-10-23T16:52:22Z,34.066337,-118.451200,90.300003,3.000000,277.600006,1.250000
2012-10-23T16:52:24Z,34.066339,-118.451229,89.800003,3.000000,276.000000,1.250000
2012-10-23T16:52:26Z,34.066343,-118.451256,89.900002,4.000000,279.299988,1.250000
2012-10-23T16:52:28Z,34.066349,-118.451284,89.400002,3.000000,281.200012,1.250000
2012-10-23T16:52:30Z,34.066352,-118.451310,90.199997,3.000000,277.399994,1.250000
2012-10-23T16:52:32Z,34.066354,-118.451338,90.699997,3.000000,271.600006,1.250000
2012-10-23T16:52:34Z,34.066351,-118.451364,88.900002,3.000000,260.100006,1.250000
2012-10-23T16:52:36Z,34.066344,-118.451392,87.699997,3.000000,256.399994,1.250000
2012-10-23T16:52:38Z,34.066343,-118.451422,87.099998,4.000000,266.500000,1.250000
2012-10-23T16:52:40Z,34.066342,-118.451453,87.099998,4.000000,266.000000,1.250000
2012-10-23T16:52:42Z,34.066339,-118.451486,86.500000,3.000000,260.899994,1.250000
2012-10-23T16:52:44Z,34.066333,-118.451522,85.400002,4.000000,258.000000,1.500000
2012-10-23T16:52:46Z,34.066329,-118.451547,84.900002,4.000000,256.700012,1.250000
2012-10-23T16:52:47Z,34.066328,-118.451555,85.099998,3.000000,254.800003,0.750000
2012-10-23T16:52:49Z,34.066331,-118.451558,84.800003,3.000000,254.800003,0.250000
2012-10-23T16:52:51Z,34.066337,-118.451551,84.900002,3.000000,0.000000,0.000000
2012-10-23T16:52:53Z,34.066342,-118.451549,85.000000,3.000000,0.000000,0.000000
2012-10-23T16:52:55Z,34.066344,-118.451551,84.900002,3.000000,0.000000,0.000000
2012-10-23T16:52:57Z,34.066344,-118.451550,85.000000,4.000000,0.000000,0.000000
2012-10-23T16:52:59Z,34.066344,-118.451549,85.000000,4.000000,0.000000,0.000000
2012-10-23T16:53:01Z,34.066345,-118.451549,85.099998,4.000000,0.000000,0.000000
2012-10-23T16:53:03Z,34.066343,-118.451564,85.099998,3.000000,259.899994,1.250000
2012-10-23T16:53:05Z,34.066340,-118.451588,85.199997,4.000000,260.600006,1.000000
2012-10-23T16:53:07Z,34.066333,-118.451623,84.300003,3.000000,259.399994,1.250000
2012-10-23T16:53:09Z,34.066329,-118.451654,84.000000,4.000000,260.600006,1.250000
2012-10-23T16:53:11Z,34.066328,-118.451686,84.800003,4.000000,266.899994,1.250000
2012-10-23T16:53:13Z,34.066330,-118.451712,84.599998,3.000000,267.500000,1.250000
2012-10-23T16:53:15Z,34.066331,-118.451743,85.199997,3.000000,266.700012,1.250000
2012-10-23T16:53:17Z,34.066337,-118.451778,85.099998,3.000000,272.000000,1.250000
2012-10-23T16:53:19Z,34.066338,-118.451812,85.199997,3.000000,268.200012,1.250000
2012-10-23T16:53:21Z,34.066334,-118.451850,86.500000,3.000000,259.899994,1.500000
2012-10-23T16:53:23Z,34.066331,-118.451886,86.599998,3.000000,266.200012,1.250000
2012-10-23T16:53:25Z,34.066335,-118.451920,86.699997,3.000000,277.700012,1.250000
2012-10-23T16:53:27Z,34.066341,-118.451952,87.400002,3.000000,279.600006,1.250000
2012-10-23T16:53:29Z,34.066344,-118.451982,88.099998,3.000000,276.600006,1.250000
2012-10-23T16:53:31Z,34.066346,-118.452013,88.599998,3.000000,273.399994,1.250000
2012-10-23T16:53:33Z,34.066352,-118.452032,89.500000,3.000000,295.899994,0.750000
2012-10-23T16:53:35Z,34.066368,-118.452035,90.800003,3.000000,359.399994,0.750000
2012-10-23T16:53:37Z,34.066393,-118.452038,91.599998,3.000000,357.299988,1.250000
2012-10-23T16:53:38Z,34.066407,-118.452043,91.900002,3.000000,351.299988,1.250000
2012-10-23T16:53:40Z,34.066439,-118.452058,92.599998,3.000000,344.100006,1.500000
2012-10-23T16:53:42Z,34.066472,-118.452072,93.599998,3.000000,346.899994,1.750000
2012-10-23T16:53:44Z,34.066505,-118.452081,93.099998,3.000000,350.399994,1.750000
2012-10-23T16:53:46Z,34.066531,-118.452096,92.900002,3.000000,335.700012,1.500000
2012-10-23T16:53:48Z,34.066536,-118.452120,93.000000,3.000000,290.899994,1.000000
2012-10-23T16:53:50Z,34.066530,-118.452147,93.900002,3.000000,262.600006,1.000000
2012-10-23T16:53:52Z,34.066524,-118.452169,94.400002,3.000000,260.899994,1.000000
2012-10-23T16:53:54Z,34.066519,-118.452190,94.599998,3.000000,262.600006,1.000000
2012-10-23T16:53:56Z,34.066520,-118.452216,94.000000,3.000000,272.299988,1.000000
2012-10-23T16:53:58Z,34.066521,-118.452243,94.599998,3.000000,271.600006,1.250000
2012-10-23T16:54:00Z,34.066520,-118.452272,94.800003,3.000000,268.399994,1.250000
2012-10-23T16:54:02Z,34.066520,-118.452300,94.500000,3.000000,269.700012,1.250000
2012-10-23T16:54:04Z,34.066519,-118.452327,94.199997,3.000000,269.899994,1.250000
2012-10-23T16:54:06Z,34.066519,-118.452355,94.699997,3.000000,269.700012,1.250000
2012-10-23T16:54:08Z,34.066519,-118.452384,95.199997,3.000000,267.500000,1.250000
2012-10-23T16:54:10Z,34.066519,-118.452412,95.199997,3.000000,267.100006,1.250000
2012-10-23T16:54:12Z,34.066519,-118.452439,94.900002,3.000000,269.000000,1.250000
2012-10-23T16:54:14Z,34.066519,-118.452465,94.400002,3.000000,268.399994,1.250000
2012-10-23T16:54:16Z,34.066519,-118.452493,94.800003,3.000000,268.100006,1.250000
2012-10-23T16:54:18Z,34.066520,-118.452521,94.500000,3.000000,272.100006,1.250000
2012-10-23T16:54:20Z,34.066520,-118.452548,93.400002,3.000000,272.100006,1.250000
2012-10-23T16:54:22Z,34.066519,-118.452572,93.599998,3.000000,268.299988,1.000000
2012-10-23T16:54:24Z,34.066513,-118.452588,94.000000,3.000000,259.700012,0.750000
2012-10-23T16:54:26Z,34.066511,-118.452583,95.000000,3.000000,0.000000,0.000000
2012-10-23T16:54:28Z,34.066514,-118.452575,95.000000,3.000000,259.700012,0.500000
2012-10-23T16:54:30Z,34.066514,-118.452579,95.199997,3.000000,0.000000,0.000000
2012-10-23T16:54:32Z,34.066514,-118.452579,95.199997,3.000000,0.000000,0.000000
2012-10-23T16:54:34Z,34.066514,-118.452580,95.300003,3.000000,0.000000,0.000000
2012-10-23T16:54:36Z,34.066515,-118.452580,95.099998,3.000000,0.000000,0.000000
2012-10-23T16:54:38Z,34.066512,-118.452607,95.400002,3.000000,267.399994,1.250000
2012-10-23T16:54:40Z,34.066511,-118.452629,95.199997,3.000000,265.500000,1.250000
2012-10-23T16:54:42Z,34.066511,-118.452652,94.800003,3.000000,268.100006,1.000000
2012-10-23T16:54:44Z,34.066510,-118.452675,94.699997,3.000000,267.399994,1.250000
2012-10-23T16:54:46Z,34.066510,-118.452702,93.900002,3.000000,270.500000,1.250000
2012-10-23T16:54:48Z,34.066510,-118.452728,94.000000,3.000000,270.700012,1.250000
2012-10-23T16:54:50Z,34.066509,-118.452754,93.400002,3.000000,269.100006,1.250000
2012-10-23T16:54:52Z,34.066509,-118.452779,93.199997,3.000000,269.700012,1.250000
2012-10-23T16:54:54Z,34.066509,-118.452805,93.000000,3.000000,271.299988,1.250000
2012-10-23T16:54:56Z,34.066510,-118.452832,93.099998,3.000000,269.799988,1.250000
2012-10-23T16:54:58Z,34.066509,-118.452859,92.000000,3.000000,267.600006,1.250000
2012-10-23T16:55:00Z,34.066509,-118.452885,92.000000,3.000000,271.200012,1.250000
2012-10-23T16:55:02Z,34.066512,-118.452913,91.599998,3.000000,276.200012,1.250000
2012-10-23T16:55:04Z,34.066513,-118.452939,91.199997,3.000000,272.100006,1.250000
2012-10-23T16:55:06Z,34.066512,-118.452965,91.400002,4.000000,266.600006,1.250000
2012-10-23T16:55:08Z,34.066513,-118.452995,91.400002,4.000000,270.600006,1.250000
2012-10-23T16:55:10Z,34.066517,-118.453025,91.400002,4.000000,273.600006,1.250000
2012-10-23T16:55:12Z,34.066519,-118.453049,91.300003,4.000000,274.700012,1.250000
2012-10-23T16:55:14Z,34.066523,-118.453063,91.400002,4.000000,277.899994,1.000000
2012-10-23T16:55:16Z,34.066523,-118.453075,91.300003,4.000000,279.399994,0.750000
2012-10-23T16:55:18Z,34.066523,-118.453085,91.300003,4.000000,279.399994,0.750000
2012-10-23T16:55:20Z,34.066519,-118.453102,91.199997,4.000000,279.399994,0.750000
2012-10-23T16:55:22Z,34.066520,-118.453117,91.400002,4.000000,275.700012,0.750000
2012-10-23T16:55:24Z,34.066524,-118.453140,91.000000,4.000000,285.100006,0.750000
2012-10-23T16:55:26Z,34.066536,-118.453159,90.900002,4.000000,291.799988,1.000000
2012-10-23T16:55:28Z,34.066548,-118.453182,91.800003,4.000000,295.100006,1.000000
2012-10-23T16:55:30Z,34.066560,-118.453212,90.199997,4.000000,289.600006,1.250000
2012-10-23T16:55:32Z,34.066574,-118.453243,90.199997,4.000000,289.100006,1.250000
2012-10-23T16:55:34Z,34.066592,-118.453269,89.300003,4.000000,293.799988,1.000000
2012-10-23T16:55:36Z,34.066608,-118.453292,88.599998,4.000000,295.399994,1.000000
2012-10-23T16:55:38Z,34.066621,-118.453320,88.300003,4.000000,292.799988,1.000000
2012-10-23T16:55:40Z,34.066629,-118.453356,88.199997,3.000000,285.600006,1.000000
2012-10-23T16:55:42Z,34.066634,-118.453393,87.900002,4.000000,282.200012,1.250000
2012-10-23T16:55:44Z,34.066637,-118.453423,88.400002,3.000000,285.600006,1.250000
2012-10-23T16:55:46Z,34.066637,-118.453454,88.699997,4.000000,285.299988,1.250000
2012-10-23T16:55:48Z,34.066635,-118.453482,88.599998,4.000000,286.100006,1.000000
2012-10-23T16:55:50Z,34.066639,-118.453506,88.800003,4.000000,290.100006,1.000000
2012-10-23T16:55:52Z,34.066645,-118.453529,89.000000,4.000000,290.000000,1.000000
2012-10-23T16:55:54Z,34.066647,-118.453557,88.699997,4.000000,283.500000,1.000000
2012-10-23T16:55:56Z,34.066645,-118.453588,88.699997,4.000000,274.700012,1.250000
2012-10-23T16:56:03Z,34.066658,-118.453691,89.900002,5.000000,281.200012,1.000000
2012-10-23T16:56:05Z,34.066658,-118.453710,89.800003,6.000000,276.600006,0.750000
2012-10-23T16:56:07Z,34.066652,-118.453723,89.900002,7.000000,263.500000,0.750000
2012-10-23T16:56:09Z,34.066653,-118.453734,90.000000,8.000000,263.500000,0.500000
2012-10-23T16:56:11Z,34.066642,-118.453741,89.400002,8.000000,263.500000,0.500000
2012-10-23T16:56:13Z,34.066626,-118.453738,89.300003,7.000000,0.000000,0.000000
2012-10-23T16:56:15Z,34.066633,-118.453749,89.500000,6.000000,263.500000,0.750000
2012-10-23T16:56:17Z,34.066649,-118.453778,89.099998,6.000000,294.299988,1.000000
2012-10-23T16:56:19Z,34.066664,-118.453816,89.099998,6.000000,293.799988,1.500000
2012-10-23T16:56:21Z,34.066679,-118.453841,89.500000,6.000000,295.399994,1.250000
2012-10-23T16:56:23Z,34.066692,-118.453866,89.500000,6.000000,295.200012,1.250000
2012-10-23T16:56:25Z,34.066701,-118.453889,89.900002,7.000000,289.100006,1.250000
2012-10-23T16:56:27Z,34.066709,-118.453909,89.699997,6.000000,288.000000,1.250000
2012-10-23T16:56:29Z,34.066722,-118.453934,90.000000,5.000000,287.799988,1.250000
2012-10-23T16:56:31Z,34.066735,-118.453967,89.699997,5.000000,284.299988,1.500000
2012-10-23T16:56:33Z,34.066746,-118.454002,89.400002,4.000000,281.899994,1.500000
2012-10-23T16:56:35Z,34.066751,-118.454038,90.500000,4.000000,281.399994,1.250000
2012-10-23T16:56:37Z,34.066753,-118.454072,91.199997,4.000000,280.100006,1.250000
2012-10-23T16:56:39Z,34.066756,-118.454099,91.199997,4.000000,281.100006,1.250000
2012-10-23T16:56:41Z,34.066755,-118.454125,91.900002,4.000000,281.600006,1.000000
2012-10-23T16:56:43Z,34.066758,-118.454140,91.400002,4.000000,282.600006,1.000000
2012-10-23T16:56:45Z,34.066767,-118.454156,91.900002,4.000000,288.600006,1.000000
2012-10-23T16:56:47Z,34.066773,-118.454179,91.900002,4.000000,287.200012,1.000000
2012-10-23T16:56:49Z,34.066779,-118.454206,92.699997,4.000000,283.799988,1.000000
2012-10-23T16:56:51Z,34.066782,-118.454239,91.800003,4.000000,284.899994,1.000000
2012-10-23T16:56:53Z,34.066785,-118.454269,93.000000,4.000000,284.299988,1.000000
2012-10-23T16:56:55Z,34.066785,-118.454296,92.599998,4.000000,280.500000,1.000000
2012-10-23T16:56:57Z,34.066785,-118.454321,93.400002,4.000000,281.700012,1.000000
2012-10-23T16:56:59Z,34.066789,-118.454337,94.199997,4.000000,289.600006,0.750000
2012-10-23T16:57:01Z,34.066796,-118.454352,93.900002,3.000000,290.700012,0.750000
2012-10-23T16:57:03Z,34.066804,-118.454377,93.599998,4.000000,284.700012,1.250000
2012-10-23T16:57:05Z,34.066810,-118.454410,94.000000,4.000000,282.700012,1.250000
2012-10-23T16:57:07Z,34.066829,-118.454450,88.099998,4.000000,288.799988,1.250000
2012-10-23T16:57:09Z,34.066850,-118.454492,87.099998,4.000000,296.899994,1.250000
2012-10-23T16:57:11Z,34.066866,-118.454531,85.900002,4.000000,296.100006,1.250000
2012-10-23T16:57:13Z,34.066883,-118.454569,83.900002,4.000000,297.200012,1.250000
2012-10-23T16:57:15Z,34.066899,-118.454598,84.199997,4.000000,306.399994,1.250000
2012-10-23T16:57:17Z,34.066920,-118.454613,83.099998,3.000000,324.600006,1.250000
2012-10-23T16:57:19Z,34.066943,-118.454610,83.500000,4.000000,347.299988,1.000000
2012-10-23T16:57:21Z,34.066968,-118.454602,84.099998,4.000000,354.899994,1.250000
2012-10-23T16:57:23Z,34.066990,-118.454600,83.599998,4.000000,353.399994,1.250000
2012-10-23T16:57:25Z,34.067013,-118.454597,83.500000,4.000000,356.899994,1.250000
2012-10-23T16:57:27Z,34.067035,-118.454596,83.199997,4.000000,0.200000,1.250000
2012-10-23T16:57:29Z,34.067057,-118.454590,82.699997,4.000000,2.700000,1.000000
2012-10-23T16:57:31Z,34.067078,-118.454585,83.099998,4.000000,5.200000,1.000000
2012-10-23T16:57:33Z,34.067100,-118.454579,83.099998,4.000000,6.300000,1.000000
2012-10-23T16:57:35Z,34.067119,-118.454575,83.099998,4.000000,7.000000,1.000000
2012-10-23T16:57:37Z,34.067126,-118.454583,83.500000,4.000000,0.000000,0.000000
2012-10-23T16:57:39Z,34.067134,-118.454590,83.599998,4.000000,6.500000,0.750000
2012-10-23T16:57:41Z,34.067138,-118.454591,84.300003,4.000000,0.000000,0.000000
2012-10-23T16:57:43Z,34.067138,-118.454594,84.300003,4.000000,0.000000,0.000000
2012-10-23T16:57:45Z,34.067136,-118.454598,84.400002,4.000000,0.000000,0.000000
2012-10-23T16:57:47Z,34.067134,-118.454601,84.400002,5.000000,0.000000,0.000000
2012-10-23T16:57:49Z,34.067134,-118.454602,84.400002,5.000000,0.000000,0.000000
2012-10-23T16:57:51Z,34.067134,-118.454602,84.400002,6.000000,0.000000,0.000000
2012-10-23T16:57:53Z,34.067137,-118.454604,84.199997,6.000000,0.000000,0.000000
2012-10-23T16:57:55Z,34.067139,-118.454605,84.199997,5.000000,0.000000,0.000000
2012-10-23T16:57:57Z,34.067140,-118.454604,84.199997,5.000000,0.000000,0.000000
2012-10-23T16:57:59Z,34.067141,-118.454604,84.300003,6.000000,0.000000,0.000000
2012-10-23T16:58:01Z,34.067143,-118.454603,84.199997,6.000000,0.000000,0.000000
2012-10-23T16:58:03Z,34.067155,-118.454601,84.199997,5.000000,9.900000,1.250000
2012-10-23T16:58:05Z,34.067171,-118.454602,84.599998,5.000000,8.200000,0.750000
2012-10-23T16:58:07Z,34.067205,-118.454608,84.800003,6.000000,5.100000,1.250000
2012-10-23T16:58:09Z,34.067255,-118.454621,85.099998,6.000000,359.000000,1.250000
2012-10-23T16:58:11Z,34.067309,-118.454639,84.300003,5.000000,353.100006,1.500000
2012-10-23T16:58:13Z,34.067362,-118.454652,83.800003,5.000000,351.299988,1.500000
2012-10-23T16:58:15Z,34.067407,-118.454662,84.300003,5.000000,352.799988,1.500000
2012-10-23T16:58:16Z,34.067427,-118.454664,84.000000,5.000000,352.899994,1.500000
2012-10-23T16:58:18Z,34.067460,-118.454672,83.599998,5.000000,352.799988,1.250000
2012-10-23T16:58:20Z,34.067483,-118.454671,83.699997,5.000000,357.299988,1.000000
2012-10-23T16:58:22Z,34.067503,-118.454670,84.400002,5.000000,3.700000,1.000000
2012-10-23T16:58:23Z,34.067512,-118.454667,84.099998,5.000000,6.100000,1.000000
2012-10-23T16:58:25Z,34.067530,-118.454661,83.699997,5.000000,6.500000,1.000000
2012-10-23T16:58:27Z,34.067546,-118.454660,84.000000,5.000000,1.600000,1.000000
2012-10-23T16:58:29Z,34.067565,-118.454660,84.599998,5.000000,2.300000,1.000000
2012-10-23T16:58:31Z,34.067588,-118.454658,84.900002,5.000000,11.000000,1.000000
2012-10-23T16:58:33Z,34.067610,-118.454649,83.099998,6.000000,19.500000,1.000000
2012-10-23T16:58:35Z,34.067632,-118.454634,81.699997,7.000000,29.400000,1.000000
2012-10-23T16:58:37Z,34.067643,-118.454620,81.900002,8.000000,46.400002,0.750000
2012-10-23T16:58:39Z,34.067643,-118.454607,82.099998,8.000000,46.400002,0.500000
2012-10-23T16:58:41Z,34.067640,-118.454593,82.300003,9.000000,46.400002,0.500000
2012-10-23T16:58:43Z,34.067641,-118.454574,82.599998,10.000000,46.400002,0.750000
2012-10-23T16:58:45Z,34.067644,-118.454545,83.300003,11.000000,82.599998,0.750000
2012-10-23T16:58:53Z,34.067656,-118.454465,82.800003,21.000000,78.199997,0.750000
2012-10-23T16:58:57Z,34.067667,-118.454445,82.699997,42.000000,78.199997,0.750000
2012-10-23T16:59:11Z,34.067698,-118.454391,82.900002,126.000000,78.199997,0.750000